latitude,longitude,hdc_temperature,bmp_temperature,humidity,pressure,mpu_altitude,time
-33.3685,-70.69021,24.76,26.13,32.23,955.78,0.0,"21/01, 20:14:47"
-33.3685,-70.69021,24.76,26.13,32.23,955.78,0.0,"21/01, 20:14:47"
-33.368518333333334,-70.69026166666667,24.8,26.17,32.12,955.81,0.0,"21/01, 20:14:53"
-33.368518333333334,-70.69026166666667,24.8,26.17,32.12,955.81,0.0,"21/01, 20:14:53"
-33.3686,-70.69033,24.78,26.11,32.03,955.77,-0.0,"21/01, 20:14:57"
-33.3686,-70.69033,24.78,26.11,32.03,955.77,-0.0,"21/01, 20:14:57"
-33.36859,-70.69034,24.78,26.15,32.03,955.79,-0.0,"21/01, 20:15:01"
-33.36859,-70.69034,24.78,26.15,32.03,955.79,-0.0,"21/01, 20:15:01"
-33.368566666666666,-70.69032666666666,24.77,26.11,31.93,955.71,-0.0,"21/01, 20:15:06"
-33.368566666666666,-70.69032666666666,24.77,26.11,31.93,955.71,-0.0,"21/01, 20:15:06"
-33.36853166666667,-70.69029166666667,24.78,26.18,31.93,955.79,-0.0,"21/01, 20:15:10"
-33.36853166666667,-70.69029166666667,24.78,26.18,31.93,955.79,-0.0,"21/01, 20:15:10"
-33.36851,-70.69027666666666,24.78,26.14,31.93,955.73,-0.0,"21/01, 20:15:13"
-33.36851,-70.69027666666666,24.78,26.14,31.93,955.73,-0.0,"21/01, 20:15:13"
-33.36848333333333,-70.69024666666667,24.81,26.2,32.03,955.82,-0.0,"21/01, 20:15:18"
-33.36848333333333,-70.69024666666667,24.81,26.2,32.03,955.82,-0.0,"21/01, 20:15:18"
-33.368471666666665,-70.69021,24.78,26.14,32.03,955.75,0.0,"21/01, 20:15:21"
-33.368471666666665,-70.69021,24.78,26.14,32.03,955.75,0.0,"21/01, 20:15:21"
-33.36846333333333,-70.69018666666666,24.78,26.18,32.23,955.83,-0.0,"21/01, 20:15:26"
-33.36846333333333,-70.69018666666666,24.78,26.18,32.23,955.83,-0.0,"21/01, 20:15:26"
-33.36846333333333,-70.690185,24.77,26.13,32.12,955.76,0.0,"21/01, 20:15:30"
-33.36846333333333,-70.690185,24.77,26.13,32.12,955.76,0.0,"21/01, 20:15:30"
-33.368473333333334,-70.690215,24.77,26.16,32.12,955.83,0.0,"21/01, 20:15:34"
-33.368473333333334,-70.690215,24.77,26.16,32.12,955.83,0.0,"21/01, 20:15:34"
-33.368518333333334,-70.69025333333333,24.76,26.09,32.12,955.75,0.0,"21/01, 20:15:37"
-33.368518333333334,-70.69025333333333,24.76,26.09,32.12,955.75,0.0,"21/01, 20:15:37"
-33.368555,-70.69031333333334,24.74,26.13,32.12,955.81,-0.0,"21/01, 20:15:41"
-33.368555,-70.69031333333334,24.74,26.13,32.12,955.81,-0.0,"21/01, 20:15:41"
-33.368563333333334,-70.69035333333333,24.73,26.07,32.03,955.73,-0.0,"21/01, 20:15:45"
-33.368563333333334,-70.69035333333333,24.73,26.07,32.03,955.73,-0.0,"21/01, 20:15:45"
-33.36857666666667,-70.69036833333334,24.77,26.14,32.12,955.82,0.01,"21/01, 20:15:51"
-33.36857666666667,-70.69036833333334,24.77,26.14,32.12,955.82,0.01,"21/01, 20:15:51"
-33.36857,-70.69038666666667,24.78,26.11,32.03,955.72,0.0,"21/01, 20:15:54"
-33.36857,-70.69038666666667,24.78,26.11,32.03,955.72,0.0,"21/01, 20:15:54"
-33.36855,-70.69043,24.77,26.18,32.03,955.8,-0.0,"21/01, 20:15:58"
-33.36855,-70.69043,24.77,26.18,32.03,955.8,-0.0,"21/01, 20:15:58"
-33.36850666666667,-70.69041833333333,24.76,26.16,32.03,955.81,-0.0,"21/01, 20:16:03"
-33.36850666666667,-70.69041833333333,24.76,26.16,32.03,955.81,-0.0,"21/01, 20:16:03"
-33.368471666666665,-70.69038166666667,24.74,26.13,31.93,955.79,-0.0,"21/01, 20:16:06"
-33.368471666666665,-70.69038166666667,24.74,26.13,31.93,955.79,-0.0,"21/01, 20:16:06"
-33.368435,-70.69037,24.7,26.04,31.93,955.71,0.0,"21/01, 20:16:10"
-33.368435,-70.69037,24.7,26.04,31.93,955.71,0.0,"21/01, 20:16:10"
-33.368435,-70.69038166666667,24.7,26.06,31.93,955.77,0.06,"21/01, 20:16:15"
-33.368435,-70.69038166666667,24.7,26.06,31.93,955.77,0.06,"21/01, 20:16:15"
-33.36846333333333,-70.690435,24.66,26.05,31.93,955.76,0.0,"21/01, 20:16:19"
-33.36846333333333,-70.690435,24.66,26.05,31.93,955.76,0.0,"21/01, 20:16:19"
-33.368525,-70.6905,24.66,26.03,31.93,955.76,0.01,"21/01, 20:16:24"
-33.368525,-70.6905,24.66,26.03,31.93,955.76,0.01,"21/01, 20:16:24"
-33.36857,-70.69056166666667,24.68,26.04,32.03,955.8,-0.0,"21/01, 20:16:27"
-33.36857,-70.69056166666667,24.68,26.04,32.03,955.8,-0.0,"21/01, 20:16:27"
-33.368625,-70.690595,24.66,26.04,32.03,955.78,0.08,"21/01, 20:16:32"
-33.368625,-70.690595,24.66,26.04,32.03,955.78,0.08,"21/01, 20:16:32"
-33.368678333333335,-70.69061,24.63,26.01,32.12,955.77,-0.0,"21/01, 20:16:35"
-33.368678333333335,-70.69061,24.63,26.01,32.12,955.77,-0.0,"21/01, 20:16:35"
-33.36869166666666,-70.69057,24.63,26.01,32.12,955.76,0.05,"21/01, 20:16:40"
-33.36869166666666,-70.69057,24.63,26.01,32.12,955.76,0.05,"21/01, 20:16:40"
-33.368695,-70.69052166666667,24.63,26.01,32.12,955.79,0.0,"21/01, 20:16:44"
-33.368695,-70.69052166666667,24.63,26.01,32.12,955.79,0.0,"21/01, 20:16:44"
-33.368721666666666,-70.6905,24.63,25.98,32.23,955.79,0.01,"21/01, 20:16:47"
-33.368721666666666,-70.6905,24.63,25.98,32.23,955.79,0.01,"21/01, 20:16:47"
-33.36873666666666,-70.69048833333333,24.6,25.94,32.12,955.78,-0.0,"21/01, 20:16:52"
-33.36873666666666,-70.69048833333333,24.6,25.94,32.12,955.78,-0.0,"21/01, 20:16:52"
-33.368743333333335,-70.69045833333334,24.6,25.94,32.23,955.8,0.18,"21/01, 20:16:56"
-33.368743333333335,-70.69045833333334,24.6,25.94,32.23,955.8,0.18,"21/01, 20:16:56"
-33.368755,-70.69041166666666,24.6,25.94,32.23,955.76,-0.0,"21/01, 20:17:01"
-33.368755,-70.69041166666666,24.6,25.94,32.23,955.76,-0.0,"21/01, 20:17:01"
-33.36875666666667,-70.69039166666667,24.6,25.95,32.23,955.78,-0.0,"21/01, 20:17:05"
-33.36875666666667,-70.69039166666667,24.6,25.95,32.23,955.78,-0.0,"21/01, 20:17:05"
-33.368768333333335,-70.69033666666667,24.6,25.97,32.23,955.79,0.0,"21/01, 20:17:09"
-33.368768333333335,-70.69033666666667,24.6,25.97,32.23,955.79,0.0,"21/01, 20:17:09"
-33.36891333333333,-70.69020333333333,24.61,25.92,32.23,955.73,-0.0,"21/01, 20:17:14"
-33.36891333333333,-70.69020333333333,24.61,25.92,32.23,955.73,-0.0,"21/01, 20:17:14"
-33.369143333333334,-70.68995166666667,24.61,25.99,32.23,955.81,0.03,"21/01, 20:17:19"
-33.369143333333334,-70.68995166666667,24.61,25.99,32.23,955.81,0.03,"21/01, 20:17:19"
-33.369231666666664,-70.68986666666666,24.63,25.94,32.12,955.74,-0.0,"21/01, 20:17:23"
-33.369231666666664,-70.68986666666666,24.63,25.94,32.12,955.74,-0.0,"21/01, 20:17:23"
-33.369205,-70.68966333333333,24.65,25.99,32.23,955.81,0.03,"21/01, 20:17:27"
-33.369205,-70.68966333333333,24.65,25.99,32.23,955.81,0.03,"21/01, 20:17:27"
-33.36844166666667,-70.690095,24.65,26.07,32.23,955.87,-0.0,"21/01, 20:18:12"
-33.36844166666667,-70.690095,24.65,26.07,32.23,955.87,-0.0,"21/01, 20:18:12"
-33.36837666666667,-70.69006333333333,24.58,26.0,31.93,955.81,-0.0,"21/01, 20:18:29"
-33.368425,-70.69014,24.54,25.93,31.94,955.82,0.08,"21/01, 20:18:34"
-33.368458333333336,-70.69029333333333,21.21,23.97,28.25,764.37,-526.09,"20/01, 21:59:21"
-33.36846166666667,-70.69031666666666,21.07,22.25,28.05,958.37,0.0,"20/01, 21:59:59"
-33.36848333333333,-70.69032833333333,21.09,22.24,28.15,958.38,-0.0,"20/01, 22:00:04"
-33.368495,-70.69034,21.07,22.24,28.15,958.37,0.07,"20/01, 22:00:08"
-33.368516666666665,-70.69034,21.05,22.23,28.15,958.35,0.0,"20/01, 22:00:12"
-33.368541666666665,-70.69033833333333,21.06,22.23,28.15,958.33,0.06,"20/01, 22:00:17"
-33.36856,-70.69034,21.06,22.23,28.15,958.33,-0.0,"20/01, 22:00:21"
-33.36853333333333,-70.69033833333333,21.03,22.14,28.16,958.24,0.0,"20/01, 22:00:25"
-33.36853333333333,-70.69033166666667,21.03,22.18,28.26,958.33,0.0,"20/01, 22:00:29"
-33.36852833333333,-70.690325,21.03,22.12,28.26,958.26,-0.0,"20/01, 22:00:33"
-33.368518333333334,-70.69032666666666,21.03,22.18,28.26,958.32,0.0,"20/01, 22:00:37"
-33.368491666666664,-70.690325,21.03,22.15,28.36,958.26,-0.0,"20/01, 22:00:41"
-33.36839166666667,-70.69035,21.03,22.23,28.56,958.32,0.0,"20/01, 22:00:45"
-33.36837666666667,-70.69030166666667,21.03,22.2,28.56,958.25,-0.0,"20/01, 22:00:49"
-33.368383333333334,-70.69027833333334,21.02,22.28,28.66,958.33,0.0,"20/01, 22:00:53"
-33.368386666666666,-70.69026333333333,21.02,22.26,28.56,958.33,-0.0,"20/01, 22:00:58"
-33.36839333333333,-70.69026333333333,21.02,22.3,28.56,958.37,0.05,"20/01, 22:01:02"
-33.36839666666667,-70.69026166666667,21.06,22.32,28.95,958.37,-0.0,"20/01, 22:01:06"
-33.36837666666667,-70.69027333333334,21.06,22.33,28.95,958.37,0.0,"20/01, 22:01:10"
-33.368383333333334,-70.69026333333333,21.07,22.33,28.85,958.37,0.0,"20/01, 22:01:14"
-33.368361666666665,-70.69027,21.12,22.28,28.85,958.29,-0.17,"20/01, 22:01:18"
-33.36835833333333,-70.690275,21.14,22.35,28.95,958.35,0.0,"20/01, 22:01:22"
-33.36835333333333,-70.69028,21.14,22.3,28.95,958.3,-0.19,"20/01, 22:01:26"
-33.368341666666666,-70.690265,21.17,22.38,29.25,958.38,-0.0,"20/01, 22:01:30"
-33.368343333333335,-70.69026333333333,21.17,22.32,29.15,958.32,-0.21,"20/01, 22:01:34"
-33.368356666666664,-70.690255,21.18,22.38,28.85,958.4,-0.0,"20/01, 22:01:38"
25.96,23.97,24.41,764.37,-586.05,"20/01, 22:56:57"
26.0,27.64,24.51,958.59,0.0,"20/01, 22:57:01"
26.02,27.67,24.6,958.59,0.06,"20/01, 22:57:05"
26.19,27.81,24.1,958.59,-0.0,"20/01, 22:57:46"
27.17,28.86,21.97,958.66,0.07,"20/01, 23:05:13"
27.17,28.86,21.88,958.63,-0.0,"20/01, 23:05:17"
27.64,29.42,21.36,958.62,0.0,"20/01, 23:17:56"
27.59,29.42,21.46,958.62,0.06,"20/01, 23:18:00"
27.63,29.39,21.75,958.62,0.01,"20/01, 23:18:04"
27.64,29.39,21.95,958.63,-0.0,"20/01, 23:18:08"
27.64,29.39,21.95,958.61,-0.0,"20/01, 23:18:12"
27.67,29.34,21.85,958.6,-0.0,"20/01, 23:18:15"
27.64,29.38,21.75,958.66,-0.0,"20/01, 23:18:19"
27.65,29.4,21.66,958.64,0.08,"20/01, 23:18:23"
27.65,29.4,21.56,958.63,-0.0,"20/01, 23:18:27"
27.67,29.41,21.46,958.63,-0.0,"20/01, 23:18:31"
27.65,29.36,21.36,958.57,0.0,"20/01, 23:18:35"
27.68,29.41,21.26,958.61,0.0,"20/01, 23:18:38"
27.64,29.42,21.36,958.63,-0.0,"20/01, 23:18:42"
27.68,29.42,21.36,958.63,0.04,"20/01, 23:18:46"
27.63,29.34,23.04,958.77,0.0,"20/01, 23:41:12"
27.63,29.33,23.04,958.77,-0.0,"20/01, 23:41:16"
27.63,29.29,23.04,958.71,0.0,"20/01, 23:41:19"
27.63,29.34,23.04,958.77,0.0,"20/01, 23:41:23"
28.02,29.99,19.56,958.75,0.01,"20/01, 23:46:53"
28.08,29.99,21.73,958.75,0.0,"20/01, 23:47:07"
28.05,29.97,21.24,958.83,-0.0,"20/01, 23:48:57"
27.78,29.68,19.87,958.79,-0.0,"20/01, 23:53:45"
27.78,29.64,22.83,958.8,0.0,"20/01, 23:59:32"
27.8,29.65,22.93,958.82,0.0,"20/01, 23:59:53"
27.77,29.65,22.93,958.79,0.03,"20/01, 23:59:57"
27.8,29.64,22.83,958.78,0.0,"21/01, 00:00:01"
27.8,29.6,22.73,958.72,0.0,"21/01, 00:00:04"
27.78,29.63,22.53,958.79,-0.0,"21/01, 00:00:08"
27.8,29.66,22.44,958.78,0.01,"21/01, 00:00:54"
27.78,29.64,22.04,958.77,0.0,"21/01, 00:01:32"
27.82,29.64,22.04,958.75,-0.0,"21/01, 00:01:36"
27.8,29.61,22.04,958.7,0.0,"21/01, 00:01:40"
27.83,29.65,22.14,958.77,-0.0,"21/01, 00:01:44"
27.82,29.66,22.24,958.78,0.02,"21/01, 00:01:48"
27.83,29.67,22.24,958.79,0.04,"21/01, 00:01:52"
27.82,29.67,22.04,958.79,-0.0,"21/01, 00:01:56"
-33.36845,-70.690275,26.37,27.95,30.23,957.84,-0.0,"18/01, 13:19:06"
-33.368451666666665,-70.690275,26.38,27.96,30.33,957.81,-0.0,"18/01, 13:19:09"
-33.368451666666665,-70.690275,26.4,28.0,30.73,957.82,0.0,"18/01, 13:19:13"
-33.368451666666665,-70.690275,26.4,28.03,30.53,957.8,-0.02,"18/01, 13:19:17"
-33.368451666666665,-70.690275,26.41,28.02,30.33,957.85,-0.0,"18/01, 13:19:21"
-33.368451666666665,-70.690275,26.41,28.05,30.13,957.84,0.1,"18/01, 13:19:25"
-33.368451666666665,-70.690275,26.43,28.07,30.04,957.83,0.0,"18/01, 13:19:29"
-33.368451666666665,-70.690275,26.44,28.06,30.04,957.83,0.05,"18/01, 13:19:33"
-33.368451666666665,-70.690275,26.47,28.09,30.63,957.83,-0.0,"18/01, 13:19:37"
-33.368451666666665,-70.690275,26.45,28.07,30.63,957.82,0.04,"18/01, 13:19:41"
-33.368451666666665,-70.690275,26.47,28.06,30.13,957.79,0.0,"18/01, 13:19:45"
-33.368451666666665,-70.690275,26.52,28.08,30.02,957.78,0.13,"18/01, 13:19:49"
-33.368451666666665,-70.690275,26.56,28.14,29.92,957.77,0.0,"18/01, 13:19:53"
-33.368451666666665,-70.690275,26.53,28.17,29.92,957.77,0.12,"18/01, 13:19:57"
-33.368451666666665,-70.690275,26.53,28.21,29.72,957.77,-0.0,"18/01, 13:20:01"
-33.368451666666665,-70.690275,26.52,28.19,29.72,957.81,0.16,"18/01, 13:20:05"
-33.368451666666665,-70.690275,26.53,28.15,29.52,957.81,0.0,"18/01, 13:20:10"
-33.368451666666665,-70.690275,26.53,28.18,29.52,957.82,0.02,"18/01, 13:20:13"
-33.368451666666665,-70.690275,26.52,28.21,29.43,957.81,-0.0,"18/01, 13:20:17"
-33.368451666666665,-70.690275,26.52,28.21,29.43,957.82,0.0,"18/01, 13:20:21"
-33.368451666666665,-70.690275,26.55,28.2,29.63,957.84,0.0,"18/01, 13:20:25"
-33.368451666666665,-70.690275,26.52,28.21,29.63,957.82,0.12,"18/01, 13:20:29"
-33.368451666666665,-70.690275,26.52,28.2,29.52,957.83,-0.0,"18/01, 13:20:33"
-33.368453333333335,-70.690275,26.51,28.2,29.43,957.84,0.13,"18/01, 13:20:37"
-33.368453333333335,-70.690275,26.53,28.19,29.43,957.86,0.0,"18/01, 13:20:41"
-33.368453333333335,-70.690275,26.55,28.17,29.43,957.85,0.04,"18/01, 13:20:45"
-33.368453333333335,-70.690275,26.55,28.12,29.52,957.84,0.0,"18/01, 13:20:49"
-33.368453333333335,-70.690275,26.55,28.11,29.72,957.83,0.09,"18/01, 13:20:53"
-33.368453333333335,-70.690275,26.58,28.12,29.82,957.83,-0.0,"18/01, 13:20:57"
-33.368453333333335,-70.690275,26.6,28.14,30.02,957.83,0.13,"18/01, 13:21:01"
-33.368453333333335,-70.690275,26.6,28.13,30.32,957.81,-0.0,"18/01, 13:21:05"
-33.368453333333335,-70.690275,26.53,28.08,29.92,957.79,0.06,"18/01, 13:21:09"
-33.368453333333335,-70.690275,26.45,28.0,29.64,957.83,0.0,"18/01, 13:21:13"
-33.368453333333335,-70.690275,26.53,28.02,29.63,957.8,0.1,"18/01, 13:21:17"
-33.368451666666665,-70.690275,26.51,28.06,29.63,957.79,-0.0,"18/01, 13:21:21"
-33.368451666666665,-70.690275,26.51,28.09,29.52,957.81,0.02,"18/01, 13:21:25"
-33.368451666666665,-70.690275,26.51,28.14,29.52,957.82,-0.0,"18/01, 13:21:29"
-33.368451666666665,-70.690275,26.51,28.15,29.43,957.8,0.04,"18/01, 13:21:33"
-33.368451666666665,-70.690275,26.45,28.16,29.34,957.79,0.0,"18/01, 13:21:37"
-33.368451666666665,-70.690275,26.45,28.16,29.44,957.81,0.05,"18/01, 13:21:41"
-33.368451666666665,-70.690275,26.41,28.15,29.54,957.82,-0.0,"18/01, 13:21:45"
-33.368451666666665,-70.690275,26.45,28.15,29.54,957.8,0.02,"18/01, 13:21:50"
-33.368453333333335,-70.690275,26.48,28.15,29.94,957.79,-0.0,"18/01, 13:21:53"
-33.368451666666665,-70.69027666666666,26.51,28.15,29.82,957.8,0.04,"18/01, 13:21:57"
-33.368451666666665,-70.69027666666666,26.55,28.17,29.72,957.8,0.0,"18/01, 13:22:01"
-33.368451666666665,-70.69027666666666,26.6,28.2,29.72,957.82,0.02,"18/01, 13:22:05"
-33.368451666666665,-70.69027666666666,26.51,28.17,29.72,957.82,0.0,"18/01, 13:22:09"
-33.368451666666665,-70.69027666666666,26.52,28.09,29.63,957.78,-0.0,"18/01, 13:22:13"
-33.368451666666665,-70.69027666666666,26.55,28.11,29.92,957.78,0.0,"18/01, 13:22:17"
-33.368451666666665,-70.69027666666666,26.59,28.14,30.22,957.8,-0.0,"18/01, 13:22:21"
-33.368453333333335,-70.69027666666666,26.58,28.13,30.12,957.8,0.0,"18/01, 13:22:26"
-33.368453333333335,-70.69027666666666,26.6,28.14,29.92,957.78,-0.02,"18/01, 13:22:29"
-33.368453333333335,-70.69027833333334,26.63,28.17,29.92,957.81,0.0,"18/01, 13:22:33"
-33.368453333333335,-70.69027833333334,26.66,28.22,30.02,957.83,0.02,"18/01, 13:22:37"
-33.368453333333335,-70.69027833333334,26.68,28.26,30.52,957.79,-0.0,"18/01, 13:22:41"
-33.368453333333335,-70.69027833333334,26.7,28.3,31.01,957.77,0.0,"18/01, 13:22:45"
-33.368453333333335,-70.69027833333334,26.65,28.32,30.41,957.77,0.0,"18/01, 13:22:49"
-33.368453333333335,-70.69027833333334,26.7,28.34,30.12,957.77,0.0,"18/01, 13:22:53"
-33.368453333333335,-70.69027833333334,26.73,28.35,30.22,957.76,-0.0,"18/01, 13:22:57"
-33.368453333333335,-70.69027833333334,26.74,28.37,30.21,957.77,-0.0,"18/01, 13:23:01"
-33.368453333333335,-70.69028,26.75,28.41,29.81,957.77,0.0,"18/01, 13:23:05"
-33.368453333333335,-70.69028,26.78,28.43,29.71,957.77,0.0,"18/01, 13:23:09"
-33.368453333333335,-70.69028,26.74,28.45,29.41,957.78,0.0,"18/01, 13:23:13"
-33.368453333333335,-70.69028,26.75,28.46,29.21,957.77,0.0,"18/01, 13:23:17"
-33.368453333333335,-70.69028,26.75,28.44,29.41,957.78,0.0,"18/01, 13:23:21"
-33.368453333333335,-70.69028,26.77,28.4,29.81,957.78,-0.0,"18/01, 13:23:25"
-33.368453333333335,-70.69028,26.75,28.43,30.1,957.79,-0.0,"18/01, 13:23:29"
-33.368453333333335,-70.69028,26.75,28.45,29.71,957.79,-0.0,"18/01, 13:23:33"
-33.368455,-70.69028,26.77,28.46,29.41,957.79,0.0,"18/01, 13:23:37"
-33.368455,-70.69028,26.77,28.47,29.32,957.8,-0.0,"18/01, 13:23:41"
-33.368455,-70.69028,26.8,28.46,29.21,957.78,-0.0,"18/01, 13:23:45"
-33.368455,-70.69028,26.84,28.44,29.21,957.78,0.0,"18/01, 13:23:49"
-33.368455,-70.69028,26.85,28.45,29.32,957.79,-0.0,"18/01, 13:23:53"
-33.368455,-70.69028166666666,26.84,28.43,29.41,957.77,-0.0,"18/01, 13:23:57"
-33.368455,-70.69028166666666,26.83,28.39,29.51,957.76,0.04,"18/01, 13:24:01"
-33.368455,-70.69028166666666,26.88,28.42,29.61,957.77,0.0,"18/01, 13:24:05"
-33.368455,-70.69028166666666,26.88,28.42,29.91,957.77,0.14,"18/01, 13:24:09"
-33.368455,-70.69028166666666,26.9,28.47,30.1,957.76,-0.0,"18/01, 13:24:13"
-33.368455,-70.69028166666666,26.96,28.52,30.1,957.77,0.05,"18/01, 13:24:17"
-33.368455,-70.69028166666666,26.99,28.57,29.79,957.77,0.0,"18/01, 13:24:21"
-33.368455,-70.69028166666666,27.02,28.61,30.19,957.77,0.14,"18/01, 13:24:25"
-33.368455,-70.69028166666666,27.05,28.64,30.29,957.73,-0.0,"18/01, 13:24:29"
-33.368455,-70.69028166666666,27.1,28.68,30.39,957.76,0.02,"18/01, 13:24:33"
-33.368455,-70.69028166666666,27.12,28.72,30.39,957.77,0.0,"18/01, 13:24:37"
-33.368455,-70.69028166666666,27.17,28.77,30.39,957.77,0.07,"18/01, 13:24:41"
-33.368455,-70.69028166666666,27.18,28.81,30.68,957.78,0.0,"18/01, 13:24:45"
-33.368455,-70.69028166666666,27.22,28.85,30.57,957.78,0.04,"18/01, 13:24:49"
-33.368455,-70.69028166666666,27.21,28.88,30.79,957.79,-0.0,"18/01, 13:24:53"
-33.368455,-70.69028166666666,27.17,28.9,30.09,957.77,0.01,"18/01, 13:24:57"
-33.368455,-70.69028166666666,27.21,28.92,29.5,957.78,-0.0,"18/01, 13:25:01"
-33.368455,-70.69028166666666,27.25,28.9,29.97,957.78,0.07,"18/01, 13:25:05"
-33.368455,-70.69028166666666,27.29,28.93,29.97,957.78,-0.0,"18/01, 13:25:09"
-33.368455,-70.69028166666666,27.29,28.96,30.18,957.78,-0.01,"18/01, 13:25:13"
-33.368455,-70.69028166666666,27.3,28.97,30.77,957.79,-0.0,"18/01, 13:25:17"
-33.368455,-70.69028166666666,27.27,28.94,30.37,957.78,0.04,"18/01, 13:25:21"
-33.368455,-70.69028166666666,27.27,28.9,29.97,957.78,-0.0,"18/01, 13:25:25"
-33.368455,-70.69028166666666,27.3,28.93,30.08,957.79,0.05,"18/01, 13:25:29"
-33.368455,-70.69028166666666,27.3,28.9,29.68,957.78,-0.0,"18/01, 13:25:33"
-33.368455,-70.69028166666666,27.33,28.95,29.48,957.78,0.02,"18/01, 13:25:37"
-33.368455,-70.69028166666666,27.36,28.98,29.38,957.79,-0.0,"18/01, 13:25:41"
-33.368455,-70.69028166666666,27.36,29.01,29.28,957.77,0.04,"18/01, 13:25:45"
-33.368455,-70.69028166666666,27.3,28.98,28.89,957.76,0.0,"18/01, 13:25:49"
-33.368455,-70.69028166666666,27.3,28.9,28.79,957.75,0.06,"18/01, 13:25:53"
-33.368455,-70.69028166666666,27.32,28.9,28.79,957.72,-0.0,"18/01, 13:25:57"
-33.36845666666667,-70.69028166666666,27.27,28.88,28.59,957.73,0.01,"18/01, 13:26:01"
-33.36845666666667,-70.69028333333333,27.35,28.92,28.99,957.74,0.0,"18/01, 13:26:05"
-33.36845666666667,-70.69028333333333,27.35,28.91,29.09,957.76,-0.0,"18/01, 13:26:09"
-33.36845666666667,-70.69028333333333,27.33,28.92,29.48,957.75,0.0,"18/01, 13:26:13"
-33.36845666666667,-70.69028333333333,27.37,28.95,29.48,957.76,0.0,"18/01, 13:26:17"
-33.36845666666667,-70.69028333333333,27.39,28.98,29.28,957.75,-0.0,"18/01, 13:26:21"
-33.36845666666667,-70.69028333333333,27.42,29.0,28.99,957.74,0.0,"18/01, 13:26:25"
-33.36845666666667,-70.69028333333333,27.45,29.03,28.99,957.72,0.0,"18/01, 13:26:29"
-33.36845666666667,-70.69028333333333,27.48,29.06,28.78,957.71,0.0,"18/01, 13:26:33"
-33.36845666666667,-70.69028333333333,27.48,29.07,28.78,957.67,0.0,"18/01, 13:26:37"
-33.36845666666667,-70.69028333333333,27.47,29.05,28.78,957.67,0.0,"18/01, 13:26:41"
-33.36845666666667,-70.69028333333333,27.51,29.1,29.17,957.66,-0.0,"18/01, 13:26:45"
-33.36845666666667,-70.69028333333333,27.54,29.14,29.07,957.66,-0.0,"18/01, 13:26:50"
-33.36845666666667,-70.69028333333333,27.55,29.19,29.17,957.67,-0.0,"18/01, 13:26:53"
-33.36845666666667,-70.69028333333333,27.55,29.24,28.97,957.72,-0.0,"18/01, 13:26:57"
-33.36845666666667,-70.690285,27.49,29.24,28.78,957.7,0.0,"18/01, 13:27:01"
-33.36845666666667,-70.690285,27.47,29.22,28.48,957.7,0.0,"18/01, 13:27:05"
-33.36845666666667,-70.690285,27.39,29.2,28.49,957.68,-0.0,"18/01, 13:27:09"
-33.36845666666667,-70.690285,27.33,29.14,28.3,957.68,0.0,"18/01, 13:27:13"
-33.36845666666667,-70.690285,27.29,29.11,28.3,957.68,0.0,"18/01, 13:27:17"
-33.36845666666667,-70.690285,27.2,29.05,28.21,957.68,0.0,"18/01, 13:27:21"
-33.36845666666667,-70.690285,27.14,29.0,28.31,957.73,-0.06,"18/01, 13:27:25"
-33.36845666666667,-70.690285,27.08,28.92,28.41,957.74,0.0,"18/01, 13:27:29"
-33.36845666666667,-70.690285,27.07,28.89,28.51,957.74,0.03,"18/01, 13:27:33"
-33.36845666666667,-70.690285,27.08,28.83,28.7,957.77,-0.0,"18/01, 13:27:37"
-33.36845666666667,-70.690285,27.11,28.8,28.8,957.76,0.06,"18/01, 13:27:41"
-33.368455,-70.690285,27.0,28.78,28.7,957.76,-0.0,"18/01, 13:27:45"
-33.368455,-70.690285,27.05,28.76,28.9,957.76,0.12,"18/01, 13:27:49"
-33.368455,-70.690285,27.05,28.73,29.1,957.73,-0.0,"18/01, 13:27:53"
-33.368455,-70.690285,27.1,28.72,29.3,957.74,0.06,"18/01, 13:27:57"
-33.36845666666667,-70.69028666666667,27.05,28.73,29.3,957.74,0.0,"18/01, 13:28:01"
-33.368455,-70.69028666666667,26.89,28.69,28.92,957.76,0.07,"18/01, 13:28:05"
-33.368455,-70.69028666666667,26.78,28.61,28.81,957.73,-0.0,"18/01, 13:28:09"
-33.368455,-70.69028666666667,26.78,28.58,28.81,957.73,0.09,"18/01, 13:28:13"
-33.368455,-70.69028666666667,26.81,28.48,28.92,957.72,0.0,"18/01, 13:28:17"
-33.368455,-70.69028666666667,26.77,28.42,29.02,957.68,0.04,"18/01, 13:28:21"
-33.368455,-70.69028666666667,26.81,28.41,29.02,957.7,0.0,"18/01, 13:28:25"
-33.368455,-70.69028833333333,26.8,28.43,29.11,957.72,0.11,"18/01, 13:28:29"
-33.368455,-70.69028833333333,26.74,28.38,29.11,957.74,0.0,"18/01, 13:28:33"
-33.368455,-70.69028833333333,26.7,28.33,29.13,957.74,0.07,"18/01, 13:28:37"
-33.368455,-70.69028833333333,26.71,28.31,29.13,957.73,-0.0,"18/01, 13:28:41"
-33.368455,-70.69028833333333,26.74,28.31,29.21,957.74,0.06,"18/01, 13:28:45"
-33.368455,-70.69028833333333,26.77,28.31,29.21,957.71,-0.0,"18/01, 13:28:49"
-33.368455,-70.69028833333333,26.75,28.29,29.21,957.72,0.09,"18/01, 13:28:53"
-33.368455,-70.69028833333333,26.75,28.31,29.21,957.74,0.0,"18/01, 13:28:57"
-33.368455,-70.69028833333333,26.73,28.34,29.33,957.74,0.06,"18/01, 13:29:01"
-33.368455,-70.69028833333333,26.58,28.28,29.23,957.72,0.0,"18/01, 13:29:05"
-33.368455,-70.69028833333333,26.55,28.24,29.33,957.71,0.0,"18/01, 13:29:09"
-33.368455,-70.69028833333333,26.53,28.2,29.33,957.73,0.0,"18/01, 13:29:14"
-33.368455,-70.69028833333333,26.55,28.16,29.43,957.74,0.01,"18/01, 13:29:17"
-33.368455,-70.69028833333333,26.53,28.08,29.43,957.74,-0.0,"18/01, 13:29:21"
-33.368455,-70.69028833333333,26.55,28.07,29.43,957.74,0.04,"18/01, 13:29:25"
-33.368455,-70.69028833333333,26.59,28.1,29.52,957.74,-0.0,"18/01, 13:29:29"
-33.368455,-70.69028833333333,26.58,28.13,29.63,957.74,0.03,"18/01, 13:29:33"
-33.368455,-70.69028833333333,26.58,28.15,29.63,957.74,0.0,"18/01, 13:29:38"
-33.368455,-70.69028833333333,26.55,28.14,29.52,957.73,0.02,"18/01, 13:29:41"
-33.368455,-70.69028833333333,26.55,28.13,29.52,957.72,-0.0,"18/01, 13:29:45"
-33.368455,-70.69028833333333,26.58,28.15,29.63,957.71,-0.0,"18/01, 13:29:49"
-33.368455,-70.69028833333333,26.56,28.15,29.63,957.73,0.0,"18/01, 13:29:53"
-33.368455,-70.69028833333333,26.58,28.13,29.63,957.73,0.03,"18/01, 13:29:57"
-33.368455,-70.69028833333333,26.58,28.12,29.63,957.7,0.0,"18/01, 13:30:01"
-33.368455,-70.69028833333333,26.6,28.13,29.63,957.69,-0.01,"18/01, 13:30:05"
-33.368455,-70.69028833333333,26.63,28.16,29.72,957.69,0.0,"18/01, 13:30:09"
-33.368455,-70.69028833333333,26.65,28.16,29.72,957.67,-0.0,"18/01, 13:30:13"
-33.368455,-70.69029,26.66,28.17,29.72,957.69,0.0,"18/01, 13:30:17"
-33.368455,-70.69029,26.7,28.18,29.82,957.72,0.0,"18/01, 13:30:21"
-33.368455,-70.69029,26.73,28.21,29.92,957.72,0.0,"18/01, 13:30:25"
-33.368455,-70.69029,26.74,28.23,29.91,957.71,0.01,"18/01, 13:30:29"
-33.368455,-70.69029,26.78,28.27,29.91,957.68,0.0,"18/01, 13:30:33"
-33.368455,-70.69029,26.83,28.29,29.91,957.69,-0.0,"18/01, 13:30:37"
-33.368455,-70.69029,26.83,28.32,29.91,957.72,-0.0,"18/01, 13:30:41"
-33.368455,-70.69029,26.78,28.29,29.51,957.73,0.0,"18/01, 13:30:45"
-33.368455,-70.69029,26.85,28.31,29.61,957.72,0.0,"18/01, 13:30:49"
-33.368455,-70.69029,26.88,28.32,29.51,957.73,-0.0,"18/01, 13:30:53"
-33.368455,-70.69029,26.89,28.36,29.51,957.75,-0.0,"18/01, 13:30:57"
-33.368455,-70.69029,26.83,28.37,29.41,957.74,-0.0,"18/01, 13:31:01"
-33.368455,-70.69029,26.71,28.34,29.13,957.74,-0.0,"18/01, 13:31:05"
-33.368455,-70.69029,26.78,28.33,29.21,957.72,0.0,"18/01, 13:31:09"
-33.368455,-70.69029166666667,26.75,28.29,29.32,957.75,0.0,"18/01, 13:31:13"
-33.368455,-70.69029166666667,26.77,28.28,29.71,957.75,0.0,"18/01, 13:31:17"
-33.368455,-70.69029166666667,26.74,28.29,29.61,957.75,-0.0,"18/01, 13:31:21"
-33.368455,-70.69029166666667,26.74,28.29,29.51,957.75,0.0,"18/01, 13:31:25"
-33.368455,-70.69029166666667,26.78,28.29,29.51,957.76,-0.0,"18/01, 13:31:29"
-33.368455,-70.69029166666667,26.81,28.31,29.81,957.76,0.0,"18/01, 13:31:33"
-33.368455,-70.69029166666667,26.78,28.33,30.5,957.76,-0.0,"18/01, 13:31:37"
-33.368455,-70.69029166666667,26.81,28.36,30.5,957.76,-0.0,"18/01, 13:31:41"
-33.368455,-70.69029166666667,26.75,28.37,29.91,957.76,-0.0,"18/01, 13:31:45"
-33.368455,-70.69029166666667,26.77,28.37,29.71,957.75,0.0,"18/01, 13:31:49"
-33.368455,-70.69029166666667,26.7,28.36,29.63,957.74,0.0,"18/01, 13:31:53"
-33.368455,-70.69029166666667,26.65,28.3,29.43,957.75,-0.0,"18/01, 13:31:57"
-33.36845666666667,-70.69029166666667,26.7,28.3,29.52,957.76,0.17,"18/01, 13:32:01"
-33.36845666666667,-70.69029166666667,26.7,28.3,29.52,957.76,0.0,"18/01, 13:32:05"
-33.36845666666667,-70.69029166666667,26.75,28.31,29.61,957.75,-0.01,"18/01, 13:32:09"
-33.36845666666667,-70.69029166666667,26.73,28.27,29.63,957.72,-0.0,"18/01, 13:32:13"
-33.36845666666667,-70.69029166666667,26.75,28.25,29.71,957.71,-0.03,"18/01, 13:32:17"
-33.36845666666667,-70.69029166666667,26.77,28.29,29.71,957.74,0.0,"18/01, 13:32:21"
-33.36845666666667,-70.69029166666667,26.56,28.26,29.43,957.7,0.13,"18/01, 13:32:25"
-33.36845666666667,-70.69029166666667,26.6,28.2,29.52,957.71,-0.0,"18/01, 13:32:29"
-33.36845666666667,-70.69029166666667,26.6,28.19,29.52,957.71,-0.01,"18/01, 13:32:33"
-33.36845666666667,-70.69029166666667,26.65,28.19,30.22,957.75,-0.0,"18/01, 13:32:37"
-33.36845666666667,-70.69029333333333,26.65,28.18,30.32,957.75,0.15,"18/01, 13:32:41"
-33.368458333333336,-70.69029333333333,26.66,28.2,30.12,957.75,0.0,"18/01, 13:32:45"
-33.368458333333336,-70.69029333333333,26.7,28.21,30.22,957.73,0.09,"18/01, 13:32:49"
-33.368458333333336,-70.69029333333333,26.73,28.24,30.32,957.71,0.0,"18/01, 13:32:53"
-33.368458333333336,-70.69029333333333,26.74,28.26,30.6,957.73,0.03,"18/01, 13:32:57"
-33.368458333333336,-70.69029333333333,26.75,28.27,30.7,957.75,0.0,"18/01, 13:33:01"
-33.368458333333336,-70.69029333333333,26.7,28.24,30.12,957.73,0.03,"18/01, 13:33:05"
-33.368458333333336,-70.69029333333333,26.71,28.23,30.32,957.72,0.0,"18/01, 13:33:09"
-33.368458333333336,-70.69029333333333,26.74,28.26,30.5,957.71,0.05,"18/01, 13:33:13"
-33.368458333333336,-70.69029333333333,26.77,28.28,30.3,957.74,0.0,"18/01, 13:33:17"
-33.368458333333336,-70.69029333333333,26.74,28.26,29.91,957.73,0.06,"18/01, 13:33:21"
-33.368458333333336,-70.69029333333333,26.8,28.27,29.81,957.72,-0.0,"18/01, 13:33:25"
-33.368458333333336,-70.69029333333333,26.81,28.31,30.0,957.71,0.1,"18/01, 13:33:29"
-33.368458333333336,-70.69029333333333,26.84,28.34,29.71,957.68,0.0,"18/01, 13:33:33"
-33.368458333333336,-70.69029333333333,26.89,28.37,29.91,957.69,0.01,"18/01, 13:33:37"
-33.368458333333336,-70.69029333333333,26.93,28.4,30.1,957.72,-0.0,"18/01, 13:33:41"
-33.368458333333336,-70.69029333333333,26.96,28.42,30.1,957.73,0.04,"18/01, 13:33:45"
-33.368458333333336,-70.690295,26.97,28.46,30.1,957.73,0.0,"18/01, 13:33:49"
-33.368458333333336,-70.690295,27.02,28.49,29.9,957.74,0.05,"18/01, 13:33:53"
-33.368458333333336,-70.690295,27.05,28.53,29.69,957.74,0.0,"18/01, 13:33:57"
-33.368458333333336,-70.690295,27.1,28.56,29.69,957.76,-0.01,"18/01, 13:34:02"
-33.368458333333336,-70.690295,27.11,28.58,29.6,957.78,-0.0,"18/01, 13:34:05"
-33.36846,-70.690295,27.12,28.58,29.39,957.74,0.02,"18/01, 13:34:09"
-33.36846,-70.690295,27.11,28.56,29.39,957.74,-0.0,"18/01, 13:34:13"
-33.36846,-70.690295,27.11,28.54,29.6,957.75,0.02,"18/01, 13:34:17"
-33.36846,-70.690295,27.05,28.48,29.39,957.73,-0.0,"18/01, 13:34:21"
-33.36846,-70.690295,26.93,28.42,29.11,957.75,0.03,"18/01, 13:34:25"
-33.36846,-70.690295,26.88,28.32,29.02,957.74,-0.0,"18/01, 13:34:29"
-33.368458333333336,-70.69029666666667,26.92,28.33,29.11,957.76,0.0,"18/01, 13:34:33"
-33.368458333333336,-70.69029666666667,26.96,28.39,29.71,957.76,-0.0,"18/01, 13:34:37"
-33.368458333333336,-70.69029666666667,26.85,28.42,29.51,957.76,0.01,"18/01, 13:34:41"
-33.368458333333336,-70.69029666666667,26.84,28.43,29.21,957.75,-0.0,"18/01, 13:34:45"
-33.368458333333336,-70.69029666666667,26.8,28.42,29.11,957.75,0.0,"18/01, 13:34:49"
-33.368458333333336,-70.69029666666667,26.83,28.42,29.21,957.75,-0.0,"18/01, 13:34:53"
-33.36846,-70.69029666666667,26.84,28.39,29.51,957.75,-0.01,"18/01, 13:34:57"
-33.36846,-70.69029666666667,26.83,28.32,29.51,957.74,-0.0,"18/01, 13:35:01"
-33.36846,-70.69029666666667,26.85,28.3,29.51,957.75,0.0,"18/01, 13:35:05"
-33.36846,-70.69029666666667,26.88,28.35,29.51,957.74,0.0,"18/01, 13:35:09"
-33.36846,-70.69029666666667,26.88,28.39,29.61,957.75,-0.0,"18/01, 13:35:13"
-33.36846,-70.69029666666667,26.81,28.31,29.61,957.74,-0.0,"18/01, 13:35:17"
-33.368458333333336,-70.69029666666667,26.84,28.33,30.21,957.75,-0.0,"18/01, 13:35:21"
-33.368458333333336,-70.69029666666667,26.9,28.36,30.21,957.74,-0.0,"18/01, 13:35:25"
-33.368458333333336,-70.69029666666667,26.92,28.42,30.99,957.7,0.0,"18/01, 13:35:29"
-33.368458333333336,-70.69029666666667,26.95,28.42,30.8,957.7,0.0,"18/01, 13:35:33"
-33.368458333333336,-70.69029666666667,26.95,28.42,30.5,957.7,0.0,"18/01, 13:35:38"
-33.368458333333336,-70.69029666666667,26.96,28.47,31.2,957.73,0.0,"18/01, 13:35:41"
-33.368458333333336,-70.69029666666667,26.96,28.46,31.29,957.7,-0.0,"18/01, 13:35:45"
-33.368458333333336,-70.69029666666667,26.92,28.49,30.9,957.68,-0.0,"18/01, 13:35:49"
-33.368458333333336,-70.69029833333333,26.85,28.46,30.1,957.66,-0.0,"18/01, 13:35:53"
-33.368458333333336,-70.69029833333333,26.92,28.48,29.71,957.69,-0.0,"18/01, 13:35:57"
-33.368458333333336,-70.69029833333333,26.96,28.52,29.51,957.72,0.0,"18/01, 13:36:02"
-33.368458333333336,-70.69029833333333,26.96,28.54,29.51,957.7,0.0,"18/01, 13:36:05"
-33.36846,-70.69029833333333,26.97,28.56,29.41,957.74,-0.0,"18/01, 13:36:09"
-33.36846,-70.69029833333333,26.99,28.57,29.3,957.73,0.0,"18/01, 13:36:13"
-33.36846,-70.69029833333333,27.0,28.54,29.39,957.72,0.0,"18/01, 13:36:17"
-33.36846,-70.69029833333333,27.02,28.56,29.3,957.72,0.08,"18/01, 13:36:21"
-33.36846,-70.69029833333333,26.96,28.56,29.11,957.71,0.0,"18/01, 13:36:25"
-33.36846,-70.69029833333333,27.02,28.54,29.3,957.74,0.04,"18/01, 13:36:29"
-33.36846,-70.69029833333333,27.03,28.54,29.39,957.77,0.0,"18/01, 13:36:33"
-33.36846,-70.6903,27.03,28.52,29.5,957.76,0.1,"18/01, 13:36:37"
-33.36846,-70.6903,26.99,28.49,29.6,957.73,-0.0,"18/01, 13:36:41"
-33.36846,-70.6903,27.0,28.47,29.5,957.73,0.06,"18/01, 13:36:45"
-33.36846,-70.6903,26.97,28.48,29.41,957.75,-0.0,"18/01, 13:36:49"
-33.36846,-70.6903,27.03,28.53,29.3,957.74,0.08,"18/01, 13:36:53"
-33.36846,-70.6903,27.07,28.57,29.39,957.75,-0.0,"18/01, 13:36:57"
-33.36846,-70.6903,27.08,28.58,29.39,957.75,0.07,"18/01, 13:37:01"
-33.36846,-70.6903,27.1,28.6,29.39,957.76,0.0,"18/01, 13:37:05"
-33.36846,-70.6903,27.08,28.59,29.6,957.74,0.08,"18/01, 13:37:09"
-33.36846,-70.6903,27.11,28.61,29.79,957.72,-0.0,"18/01, 13:37:13"
-33.36846,-70.6903,27.14,28.63,30.09,957.75,0.07,"18/01, 13:37:17"
-33.36846,-70.6903,27.14,28.61,29.79,957.74,-0.0,"18/01, 13:37:21"
-33.36846,-70.6903,27.18,28.65,29.79,957.75,0.07,"18/01, 13:37:25"
-33.36846,-70.6903,27.17,28.66,29.69,957.77,0.0,"18/01, 13:37:29"
-33.36846,-70.6903,27.15,28.65,29.5,957.76,0.02,"18/01, 13:37:33"
-33.36846,-70.6903,27.14,28.63,29.3,957.76,0.0,"18/01, 13:37:37"
-33.36846,-70.6903,27.17,28.63,29.1,957.75,0.11,"18/01, 13:37:41"
-33.36846,-70.69030166666667,27.15,28.67,29.0,957.71,0.0,"18/01, 13:37:45"
-33.36846,-70.69030166666667,27.14,28.66,28.8,957.72,0.07,"18/01, 13:37:49"
-33.36846,-70.69030166666667,27.15,28.65,28.8,957.72,0.0,"18/01, 13:37:53"
-33.36846,-70.69030166666667,27.14,28.64,28.8,957.72,0.07,"18/01, 13:37:57"
-33.368458333333336,-70.69030166666667,27.11,28.59,28.61,957.73,0.0,"18/01, 13:38:01"
-33.368458333333336,-70.69030166666667,27.05,28.54,28.51,957.72,0.06,"18/01, 13:38:05"
-33.368458333333336,-70.69030166666667,27.1,28.54,28.61,957.7,0.0,"18/01, 13:38:09"
-33.368458333333336,-70.69030166666667,27.02,28.57,28.51,957.68,0.05,"18/01, 13:38:13"
-33.368458333333336,-70.69030166666667,27.02,28.56,28.61,957.69,-0.0,"18/01, 13:38:17"
-33.368458333333336,-70.69030166666667,27.0,28.52,28.61,957.67,0.03,"18/01, 13:38:21"
-33.368458333333336,-70.69030166666667,27.03,28.53,28.61,957.69,0.0,"18/01, 13:38:25"
-33.368458333333336,-70.69030166666667,26.96,28.47,28.72,957.69,0.01,"18/01, 13:38:29"
-33.368458333333336,-70.69030166666667,27.0,28.47,28.8,957.69,0.0,"18/01, 13:38:33"
-33.368458333333336,-70.69030166666667,27.0,28.5,28.8,957.65,0.03,"18/01, 13:38:37"
-33.368458333333336,-70.69030166666667,26.99,28.55,28.7,957.68,-0.0,"18/01, 13:38:41"
-33.368458333333336,-70.69030166666667,26.9,28.56,28.72,957.69,0.02,"18/01, 13:38:45"
-33.368458333333336,-70.69030166666667,26.89,28.51,28.81,957.69,0.0,"18/01, 13:38:49"
-33.368458333333336,-70.69030166666667,26.95,28.53,28.92,957.69,0.02,"18/01, 13:38:53"
-33.368458333333336,-70.69030166666667,26.93,28.59,29.02,957.68,0.0,"18/01, 13:38:57"
-33.368458333333336,-70.69030166666667,26.96,28.63,29.02,957.66,0.0,"18/01, 13:39:01"
-33.368458333333336,-70.69030333333333,27.0,28.65,29.1,957.67,-0.0,"18/01, 13:39:05"
-33.368458333333336,-70.69030333333333,26.99,28.68,29.1,957.67,-0.01,"18/01, 13:39:09"
-33.368458333333336,-70.69030333333333,26.99,28.7,29.0,957.69,0.0,"18/01, 13:39:13"
-33.368458333333336,-70.69030333333333,26.93,28.69,29.02,957.7,-0.0,"18/01, 13:39:17"
-33.368458333333336,-70.69030333333333,26.93,28.68,29.11,957.69,0.0,"18/01, 13:39:21"
-33.368458333333336,-70.69030333333333,26.96,28.67,29.21,957.69,0.0,"18/01, 13:39:25"
-33.368458333333336,-70.69030333333333,26.97,28.67,29.32,957.68,0.0,"18/01, 13:39:29"
-33.368458333333336,-70.69030333333333,26.97,28.67,29.41,957.69,0.0,"18/01, 13:39:33"
-33.368458333333336,-70.69030333333333,26.97,28.68,29.32,957.7,-0.0,"18/01, 13:39:37"
-33.368458333333336,-70.69030333333333,26.99,28.68,29.39,957.7,0.0,"18/01, 13:39:41"
-33.368458333333336,-70.69030333333333,26.96,28.63,29.91,957.69,0.0,"18/01, 13:39:45"
-33.368458333333336,-70.69030333333333,26.99,28.65,30.68,957.7,-0.0,"18/01, 13:39:49"
-33.368458333333336,-70.69030333333333,27.02,28.67,30.58,957.68,0.0,"18/01, 13:39:53"
-33.368458333333336,-70.69030333333333,27.05,28.68,30.29,957.67,-0.0,"18/01, 13:39:57"
-33.368458333333336,-70.69030333333333,27.07,28.71,29.9,957.65,0.0,"18/01, 13:40:02"
-33.368458333333336,-70.69030333333333,27.07,28.74,29.5,957.65,-0.0,"18/01, 13:40:05"
-33.368458333333336,-70.69030333333333,27.0,28.75,29.2,957.64,-0.0,"18/01, 13:40:09"
-33.368458333333336,-70.69030333333333,27.03,28.76,29.2,957.67,0.0,"18/01, 13:40:13"
-33.368458333333336,-70.69030333333333,27.1,28.76,29.6,957.67,0.0,"18/01, 13:40:18"
-33.368458333333336,-70.69030333333333,27.12,28.75,29.69,957.67,0.0,"18/01, 13:40:21"
-33.368458333333336,-70.69030333333333,27.1,28.75,30.19,957.67,-0.0,"18/01, 13:40:25"
-33.368458333333336,-70.69030333333333,27.14,28.76,30.49,957.67,-0.0,"18/01, 13:40:29"
-33.368458333333336,-70.69030333333333,27.14,28.79,30.49,957.66,0.0,"18/01, 13:40:33"
-33.368458333333336,-70.69030333333333,27.17,28.82,30.19,957.68,-0.0,"18/01, 13:40:37"
-33.368458333333336,-70.69030333333333,27.18,28.85,29.99,957.69,0.07,"18/01, 13:40:41"
-33.36846,-70.69030166666667,27.21,28.85,29.79,957.67,0.0,"18/01, 13:40:45"
-33.36846166666667,-70.69029666666667,27.12,28.77,29.69,957.63,0.14,"18/01, 13:40:49"
-33.36846666666667,-70.690295,27.17,28.76,29.99,957.63,-0.0,"18/01, 13:40:53"
-33.36846833333333,-70.69029333333333,27.21,28.81,29.9,957.67,0.03,"18/01, 13:40:57"
-33.36846166666667,-70.69030333333333,27.21,28.83,29.69,957.67,-0.0,"18/01, 13:41:02"
-33.368473333333334,-70.69029833333333,27.22,28.81,30.08,957.67,0.07,"18/01, 13:41:05"
-33.368478333333336,-70.69029833333333,27.2,28.83,30.09,957.69,0.0,"18/01, 13:41:10"
-33.368476666666666,-70.69029833333333,27.17,28.73,29.79,957.69,0.14,"18/01, 13:41:14"
-33.36848333333333,-70.690305,27.17,28.74,29.69,957.68,0.0,"18/01, 13:41:17"
-33.36848666666667,-70.69030333333333,27.21,28.75,29.69,957.67,0.07,"18/01, 13:41:21"
-33.36849,-70.69030666666667,27.21,28.81,29.6,957.65,-0.0,"18/01, 13:41:26"
-33.368491666666664,-70.69030666666667,27.25,28.85,29.68,957.65,0.07,"18/01, 13:41:29"
-33.36848833333333,-70.69030666666667,27.26,28.9,29.78,957.66,-0.0,"18/01, 13:41:34"
-33.36848666666667,-70.69030666666667,27.3,28.92,29.88,957.72,0.06,"18/01, 13:41:37"
-33.368453333333335,-70.69030666666667,27.29,28.95,29.68,957.74,0.0,"18/01, 13:41:41"
-33.36844833333333,-70.69031166666667,27.27,28.93,29.58,957.75,0.03,"18/01, 13:41:45"
-33.36844833333333,-70.69031333333334,27.26,28.91,29.48,957.75,0.0,"18/01, 13:41:49"
-33.36845,-70.69031333333334,27.2,28.89,29.6,957.73,0.09,"18/01, 13:41:53"
-33.36844833333333,-70.69031333333334,27.17,28.84,29.39,957.72,-0.0,"18/01, 13:41:57"
-33.36845,-70.69031333333334,27.18,28.83,29.39,957.73,0.05,"18/01, 13:42:01"
-33.36845,-70.69031333333334,27.03,28.76,29.3,957.72,0.0,"18/01, 13:42:06"
-33.368446666666664,-70.69031166666667,26.99,28.72,29.3,957.72,0.05,"18/01, 13:42:09"
-33.36845,-70.69031333333334,26.92,28.68,29.41,957.69,0.0,"18/01, 13:42:13"
-33.36845,-70.69031333333334,26.9,28.63,29.51,957.68,0.05,"18/01, 13:42:17"
-33.36845,-70.69031333333334,26.9,28.55,29.61,957.7,-0.0,"18/01, 13:42:21"
-33.368455,-70.69031166666667,26.89,28.47,29.71,957.67,0.04,"18/01, 13:42:25"
-33.368453333333335,-70.69031,26.89,28.47,29.81,957.67,-0.0,"18/01, 13:42:30"
-33.36846666666667,-70.69031333333334,26.89,28.49,29.81,957.69,0.03,"18/01, 13:42:34"
-33.36846,-70.69032,26.92,28.49,29.91,957.69,0.0,"18/01, 13:42:37"
-33.368451666666665,-70.69031666666666,26.95,28.46,29.91,957.7,0.02,"18/01, 13:42:41"
-33.368445,-70.69031,26.88,28.41,29.91,957.71,0.0,"18/01, 13:42:45"
-33.36844333333333,-70.69030833333333,26.93,28.39,30.0,957.7,0.02,"18/01, 13:42:49"
-33.368445,-70.69030666666667,26.89,28.38,30.1,957.69,0.0,"18/01, 13:42:53"
-33.36845,-70.69030166666667,26.89,28.4,30.1,957.67,-0.0,"18/01, 13:42:57"
-33.368458333333336,-70.6903,26.88,28.4,30.1,957.7,-0.0,"18/01, 13:43:01"
-33.36847,-70.69029666666667,26.92,28.42,30.1,957.69,0.04,"18/01, 13:43:05"
-33.368471666666665,-70.69029833333333,26.89,28.44,30.1,957.7,0.0,"18/01, 13:43:09"
-33.368476666666666,-70.69029666666667,26.84,28.4,29.91,957.67,-0.02,"18/01, 13:43:13"
-33.368451666666665,-70.69031333333334,26.81,28.34,29.91,957.67,-0.0,"18/01, 13:43:17"
-33.368453333333335,-70.69031166666667,26.78,28.34,29.91,957.64,-0.0,"18/01, 13:43:21"
-33.368453333333335,-70.69031333333334,26.75,28.33,29.91,957.64,0.0,"18/01, 13:43:26"
-33.368451666666665,-70.69031166666667,26.8,28.35,29.91,957.68,0.0,"18/01, 13:43:29"
-33.368451666666665,-70.69031166666667,26.8,28.36,30.0,957.68,0.0,"18/01, 13:43:33"
-33.368451666666665,-70.69031333333334,26.81,28.35,30.0,957.68,-0.0,"18/01, 13:43:37"
-33.368451666666665,-70.69031333333334,26.85,28.34,30.1,957.67,-0.0,"18/01, 13:43:41"
-33.368451666666665,-70.69031333333334,26.88,28.36,30.4,957.68,-0.0,"18/01, 13:43:45"
-33.368451666666665,-70.69031333333334,26.9,28.37,30.4,957.67,0.0,"18/01, 13:43:49"
-33.368453333333335,-70.69031333333334,26.9,28.41,30.3,957.68,-0.0,"18/01, 13:43:53"
-33.368453333333335,-70.69031333333334,26.95,28.42,30.3,957.68,0.0,"18/01, 13:43:57"
-33.368453333333335,-70.69031333333334,26.9,28.4,30.21,957.68,0.0,"18/01, 13:44:02"
-33.368453333333335,-70.69031333333334,26.95,28.38,30.3,957.66,0.0,"18/01, 13:44:05"
-33.368453333333335,-70.69031333333334,26.95,28.4,30.4,957.65,0.0,"18/01, 13:44:09"
-33.368453333333335,-70.69031333333334,26.96,28.44,30.5,957.66,-0.0,"18/01, 13:44:14"
-33.368453333333335,-70.69031333333334,26.93,28.47,30.21,957.61,-0.0,"18/01, 13:44:17"
-33.368453333333335,-70.69031333333334,26.88,28.48,30.0,957.6,-0.0,"18/01, 13:44:21"
-33.368453333333335,-70.69031333333334,26.9,28.49,30.0,957.6,0.0,"18/01, 13:44:25"
-33.368453333333335,-70.69031166666667,26.96,28.51,30.21,957.63,-0.0,"18/01, 13:44:29"
-33.368453333333335,-70.69031166666667,26.97,28.53,30.21,957.65,0.0,"18/01, 13:44:33"
-33.368453333333335,-70.69031166666667,27.02,28.53,30.49,957.66,-0.0,"18/01, 13:44:37"
-33.368453333333335,-70.69031166666667,27.07,28.55,30.49,957.67,-0.0,"18/01, 13:44:41"
-33.368453333333335,-70.69031166666667,27.07,28.58,30.49,957.67,-0.0,"18/01, 13:44:45"
-33.368453333333335,-70.69031166666667,27.11,28.59,30.49,957.69,-0.0,"18/01, 13:44:49"
-33.368453333333335,-70.69031166666667,27.11,28.63,30.49,957.68,-0.0,"18/01, 13:44:53"
-33.368453333333335,-70.69031166666667,27.14,28.66,30.49,957.66,0.0,"18/01, 13:44:57"
-33.368453333333335,-70.69031166666667,27.15,28.68,30.68,957.67,-0.08,"18/01, 13:45:01"
-33.368453333333335,-70.69031166666667,27.2,28.7,30.58,957.71,0.0,"18/01, 13:45:05"
-33.368453333333335,-70.69031166666667,27.18,28.71,30.29,957.7,0.08,"18/01, 13:45:09"
-33.368453333333335,-70.69031166666667,27.2,28.74,30.19,957.71,0.0,"18/01, 13:45:13"
-33.368453333333335,-70.69031166666667,27.2,28.77,30.09,957.71,0.06,"18/01, 13:45:17"
-33.368453333333335,-70.69031166666667,27.2,28.8,29.99,957.71,0.0,"18/01, 13:45:21"
-33.368453333333335,-70.69031166666667,27.2,28.81,29.79,957.68,0.11,"18/01, 13:45:25"
-33.368453333333335,-70.69031166666667,27.21,28.82,29.69,957.71,-0.0,"18/01, 13:45:29"
-33.368453333333335,-70.69031166666667,27.08,28.72,29.69,957.71,0.08,"18/01, 13:45:33"
-33.368453333333335,-70.69031166666667,27.15,28.68,29.79,957.68,0.0,"18/01, 13:45:37"
-33.368453333333335,-70.69031166666667,27.15,28.69,30.09,957.66,0.09,"18/01, 13:45:41"
-33.368453333333335,-70.69031166666667,27.18,28.74,30.39,957.66,0.0,"18/01, 13:45:45"
-33.368453333333335,-70.69031166666667,27.18,28.73,30.49,957.65,0.04,"18/01, 13:45:49"
-33.368453333333335,-70.69031166666667,27.22,28.75,30.47,957.66,0.0,"18/01, 13:45:53"
-33.368455,-70.69031166666667,27.27,28.78,30.47,957.64,0.06,"18/01, 13:45:57"
-33.368455,-70.69031166666667,27.32,28.81,30.37,957.64,-0.0,"18/01, 13:46:01"
-33.368455,-70.69031166666667,27.35,28.84,30.08,957.65,0.06,"18/01, 13:46:05"
-33.368455,-70.69031166666667,27.37,28.88,29.88,957.64,-0.0,"18/01, 13:46:09"
-33.368455,-70.69031166666667,27.4,28.92,29.88,957.67,0.02,"18/01, 13:46:13"
-33.368455,-70.69031166666667,27.37,28.96,30.47,957.68,0.0,"18/01, 13:46:17"
-33.368455,-70.69031166666667,27.39,28.98,30.37,957.68,0.04,"18/01, 13:46:21"
-33.368455,-70.69031166666667,27.42,29.0,30.08,957.7,-0.0,"18/01, 13:46:25"
-33.368455,-70.69031166666667,27.33,29.0,29.68,957.7,0.02,"18/01, 13:46:29"
-33.368455,-70.69031333333334,27.44,29.01,29.68,957.72,0.0,"18/01, 13:46:33"
-33.368455,-70.69031333333334,27.39,28.99,29.58,957.73,0.04,"18/01, 13:46:37"
-33.368455,-70.69031333333334,27.36,28.97,29.48,957.73,0.0,"18/01, 13:46:41"
-33.368455,-70.69031333333334,27.33,28.94,29.48,957.74,0.02,"18/01, 13:46:45"
-33.368455,-70.69031333333334,27.35,28.95,29.48,957.72,0.0,"18/01, 13:46:49"
-33.368455,-70.69031333333334,27.29,28.95,29.48,957.72,0.05,"18/01, 13:46:54"
-33.368455,-70.69031333333334,27.18,28.89,29.39,957.68,-0.0,"18/01, 13:46:57"
-33.368455,-70.69031333333334,27.27,28.85,29.58,957.7,0.03,"18/01, 13:47:01"
-33.368455,-70.69031333333334,27.26,28.85,29.68,957.7,-0.0,"18/01, 13:47:05"
-33.368455,-70.69031333333334,27.27,28.86,29.58,957.71,0.0,"18/01, 13:47:09"
-33.368455,-70.69031333333334,27.3,28.88,29.68,957.72,-0.0,"18/01, 13:47:13"
-33.368455,-70.69031333333334,27.32,28.91,29.68,957.73,0.01,"18/01, 13:47:17"
-33.368455,-70.69031333333334,27.33,28.93,29.68,957.73,0.0,"18/01, 13:47:21"
-33.368455,-70.69031333333334,27.18,28.89,29.6,957.7,0.01,"18/01, 13:47:25"
-33.368455,-70.69031333333334,27.22,28.86,29.68,957.7,0.0,"18/01, 13:47:29"
-33.368455,-70.69031333333334,27.18,28.84,29.69,957.69,0.01,"18/01, 13:47:33"
-33.368455,-70.69031333333334,27.25,28.81,29.88,957.7,0.0,"18/01, 13:47:37"
-33.368455,-70.69031333333334,27.15,28.8,29.79,957.71,0.01,"18/01, 13:47:41"
-33.368455,-70.69031333333334,27.11,28.74,29.79,957.71,-0.0,"18/01, 13:47:46"
-33.368455,-70.69031333333334,27.1,28.73,29.99,957.71,0.0,"18/01, 13:47:49"
-33.36845666666667,-70.69031333333334,27.12,28.74,29.99,957.7,-0.0,"18/01, 13:47:53"
-33.36845666666667,-70.69031333333334,27.14,28.74,29.99,957.71,-0.0,"18/01, 13:47:57"
-33.36845666666667,-70.69031333333334,27.12,28.75,29.99,957.68,-0.0,"18/01, 13:48:01"
-33.36845666666667,-70.69031333333334,27.14,28.75,29.99,957.66,-0.0,"18/01, 13:48:05"
-33.36845666666667,-70.69031333333334,27.12,28.75,29.99,957.68,-0.0,"18/01, 13:48:10"
-33.36845666666667,-70.69031333333334,27.18,28.76,29.99,957.68,0.0,"18/01, 13:48:13"
-33.36845666666667,-70.69031333333334,27.22,28.73,30.08,957.66,0.0,"18/01, 13:48:17"
-33.36845666666667,-70.69031333333334,27.25,28.75,30.27,957.7,-0.0,"18/01, 13:48:21"
-33.36845666666667,-70.69031333333334,27.26,28.78,30.47,957.72,0.0,"18/01, 13:48:25"
-33.36845666666667,-70.69031333333334,27.29,28.82,30.37,957.73,-0.0,"18/01, 13:48:29"
-33.36845666666667,-70.69031333333334,27.3,28.84,30.18,957.73,-0.0,"18/01, 13:48:33"
-33.36845666666667,-70.69031333333334,27.32,28.86,30.08,957.75,-0.0,"18/01, 13:48:37"
-33.36845666666667,-70.69031333333334,27.22,28.84,29.88,957.73,-0.0,"18/01, 13:48:41"
-33.36845666666667,-70.69031333333334,27.22,28.8,29.88,957.73,-0.0,"18/01, 13:48:45"
-33.36845666666667,-70.69031333333334,27.3,28.82,30.27,957.74,-0.0,"18/01, 13:48:49"
-33.36845666666667,-70.69031333333334,27.22,28.83,30.08,957.74,0.0,"18/01, 13:48:53"
-33.36845666666667,-70.69031333333334,27.22,28.81,29.97,957.72,-0.0,"18/01, 13:48:57"
-33.36845666666667,-70.69031333333334,27.26,28.81,30.18,957.73,-0.0,"18/01, 13:49:01"
-33.368458333333336,-70.69031333333334,27.22,28.82,29.88,957.73,0.08,"18/01, 13:49:05"
-33.368458333333336,-70.69031166666667,27.26,28.83,29.88,957.72,0.0,"18/01, 13:49:09"
-33.368458333333336,-70.69031166666667,27.25,28.85,29.78,957.71,0.17,"18/01, 13:49:13"
-33.36846,-70.69031333333334,27.18,28.81,29.79,957.71,0.0,"18/01, 13:49:17"
-33.368458333333336,-70.69031166666667,27.25,28.8,30.37,957.7,0.08,"18/01, 13:49:21"
-33.368458333333336,-70.69031166666667,27.25,28.81,31.07,957.68,0.0,"18/01, 13:49:25"
-33.36846,-70.69031166666667,27.25,28.8,30.97,957.7,0.04,"18/01, 13:49:29"
-33.36846,-70.69031166666667,27.25,28.82,30.37,957.72,0.0,"18/01, 13:49:33"
-33.36846,-70.69031166666667,27.26,28.81,30.08,957.7,0.12,"18/01, 13:49:37"
-33.36846,-70.69031166666667,27.22,28.81,30.08,957.67,0.0,"18/01, 13:49:41"
-33.36846,-70.69031333333334,27.17,28.79,30.39,957.64,0.13,"18/01, 13:49:45"
-33.36846,-70.69031333333334,27.12,28.75,30.98,957.67,0.0,"18/01, 13:49:49"
-33.36846,-70.69031333333334,27.15,28.75,31.28,957.71,0.1,"18/01, 13:49:53"
-33.36846166666667,-70.69031333333334,27.14,28.74,30.68,957.71,0.0,"18/01, 13:49:57"
-33.36846166666667,-70.69031333333334,27.12,28.74,30.19,957.71,0.09,"18/01, 13:50:01"
-33.36846166666667,-70.69031333333334,27.12,28.72,30.29,957.7,0.0,"18/01, 13:50:05"
-33.36846166666667,-70.69031333333334,27.07,28.68,30.29,957.69,-0.01,"18/01, 13:50:10"
-33.36846166666667,-70.69031166666667,27.12,28.67,30.19,957.73,-0.0,"18/01, 13:50:13"
-33.36846166666667,-70.69031166666667,27.15,28.69,30.09,957.69,0.06,"18/01, 13:50:17"
-33.36846166666667,-70.69031166666667,27.11,28.69,30.09,957.7,-0.0,"18/01, 13:50:21"
-33.36846333333333,-70.69031166666667,27.1,28.69,29.99,957.71,0.0,"18/01, 13:50:25"
-33.36846333333333,-70.69031166666667,27.07,28.67,29.79,957.73,-0.0,"18/01, 13:50:29"
-33.36846333333333,-70.69031166666667,27.05,28.64,29.79,957.75,0.03,"18/01, 13:50:34"
-33.368475,-70.690305,27.0,28.53,29.79,957.71,0.0,"18/01, 13:50:37"
-33.368476666666666,-70.69030666666667,27.08,28.51,29.9,957.75,0.07,"18/01, 13:50:41"
-33.368498333333335,-70.69031833333334,27.1,28.5,29.9,957.75,0.0,"18/01, 13:50:45"
-33.36850333333334,-70.69031833333334,27.12,28.53,30.09,957.75,0.02,"18/01, 13:50:49"
-33.36850333333334,-70.69031833333334,27.12,28.54,30.09,957.78,0.0,"18/01, 13:50:53"
-33.368505,-70.69031833333334,27.1,28.52,29.99,957.76,0.03,"18/01, 13:50:57"
-33.368505,-70.69032,27.1,28.49,29.9,957.76,-0.0,"18/01, 13:51:01"
-33.368505,-70.69032,27.07,28.47,29.9,957.77,0.03,"18/01, 13:51:05"
-33.368505,-70.69032,27.12,28.49,29.9,957.77,0.0,"18/01, 13:51:09"
-33.368505,-70.69032,27.15,28.52,29.9,957.78,-0.01,"18/01, 13:51:13"
-33.368505,-70.69032,27.12,28.53,29.9,957.8,0.0,"18/01, 13:51:17"
-33.368505,-70.69032,27.12,28.54,29.9,957.8,0.02,"18/01, 13:51:21"
-33.368505,-70.69032,27.12,28.57,29.9,957.81,-0.0,"18/01, 13:51:25"
-33.368505,-70.69032,27.12,28.54,29.9,957.81,0.02,"18/01, 13:51:29"
-33.368505,-70.69032,27.11,28.53,29.79,957.8,0.0,"18/01, 13:51:33"
-33.368505,-70.69032,27.15,28.55,29.9,957.8,0.0,"18/01, 13:51:38"
-33.368505,-70.69032,27.17,28.57,29.9,957.79,-0.0,"18/01, 13:51:41"
-33.368505,-70.69032,27.21,28.6,29.99,957.77,0.01,"18/01, 13:51:45"
-33.368505,-70.69032,27.18,28.59,29.79,957.77,0.0,"18/01, 13:51:49"
-33.368505,-70.69032,27.2,28.64,29.79,957.76,-0.0,"18/01, 13:51:53"
-33.368505,-70.69032,27.17,28.67,29.6,957.75,-0.0,"18/01, 13:51:57"
-33.368505,-70.69032,27.21,28.7,29.6,957.75,-0.0,"18/01, 13:52:01"
-33.368505,-70.69032,27.25,28.72,29.68,957.75,0.0,"18/01, 13:52:05"
-33.368505,-70.69032166666666,27.26,28.72,29.68,957.75,0.0,"18/01, 13:52:10"
-33.368505,-70.69032166666666,27.29,28.76,29.78,957.76,-0.0,"18/01, 13:52:13"
-33.368505,-70.69032166666666,27.32,28.82,29.78,957.74,0.0,"18/01, 13:52:17"
-33.368505,-70.69032166666666,27.33,28.84,29.88,957.76,-0.0,"18/01, 13:52:21"
-33.36850666666667,-70.69032166666666,27.36,28.83,29.88,957.73,-0.0,"18/01, 13:52:25"
-33.36850666666667,-70.69032166666666,27.27,28.81,29.78,957.72,0.0,"18/01, 13:52:30"
-33.36850666666667,-70.69032166666666,27.27,28.76,29.58,957.73,-0.0,"18/01, 13:52:33"
-33.36850666666667,-70.69032166666666,27.27,28.77,29.58,957.73,0.0,"18/01, 13:52:37"
-33.36850666666667,-70.69032166666666,27.33,28.82,30.18,957.73,-0.0,"18/01, 13:52:41"
-33.36850666666667,-70.69032166666666,27.32,28.88,30.97,957.73,0.0,"18/01, 13:52:45"
-33.36850666666667,-70.69032166666666,27.37,28.94,31.07,957.74,-0.0,"18/01, 13:52:49"
-33.36850666666667,-70.69032166666666,27.4,28.98,30.67,957.74,0.0,"18/01, 13:52:53"
-33.36850666666667,-70.69032166666666,27.45,29.01,30.47,957.72,0.0,"18/01, 13:52:58"
-33.36850666666667,-70.69032166666666,27.49,29.04,30.26,957.71,0.14,"18/01, 13:53:01"
-33.36850666666667,-70.69032333333334,27.52,29.08,29.96,957.71,-0.0,"18/01, 13:53:05"
-33.36850666666667,-70.69032333333334,27.51,29.07,29.66,957.65,0.13,"18/01, 13:53:09"
-33.36850666666667,-70.69032333333334,27.48,29.03,29.57,957.7,-0.0,"18/01, 13:53:13"
-33.36850666666667,-70.69032333333334,27.51,29.04,29.57,957.71,0.09,"18/01, 13:53:17"
-33.36850666666667,-70.69032333333334,27.58,29.1,29.57,957.7,0.0,"18/01, 13:53:21"
-33.36850666666667,-70.69032333333334,27.63,29.17,29.66,957.68,0.08,"18/01, 13:53:25"
-33.368505,-70.69032166666666,27.71,29.24,29.57,957.69,-0.0,"18/01, 13:53:29"
-33.368505,-70.69032166666666,27.7,29.24,29.37,957.66,0.06,"18/01, 13:53:33"
-33.368505,-70.69032166666666,27.71,29.28,29.27,957.68,0.0,"18/01, 13:53:37"
-33.368505,-70.69032166666666,27.68,29.33,29.27,957.7,0.09,"18/01, 13:53:41"
-33.368505,-70.69032166666666,27.64,29.33,29.07,957.7,0.0,"18/01, 13:53:45"
-33.368505,-70.69032166666666,27.59,29.33,28.78,957.69,0.07,"18/01, 13:53:49"
-33.368505,-70.69032166666666,27.54,29.33,28.58,957.69,0.0,"18/01, 13:53:53"
-33.368505,-70.69032166666666,27.58,29.33,28.58,957.66,0.05,"18/01, 13:53:57"
-33.368505,-70.69032166666666,27.59,29.34,28.97,957.67,-0.0,"18/01, 13:54:01"
-33.368505,-70.69032166666666,27.55,29.34,29.96,957.64,0.07,"18/01, 13:54:05"
-33.368505,-70.69032,27.64,29.33,30.65,957.64,-0.0,"18/01, 13:54:09"
-33.368505,-70.69032,27.68,29.34,30.76,957.68,0.01,"18/01, 13:54:13"
-33.368505,-70.69032,27.7,29.34,30.46,957.68,-0.0,"18/01, 13:54:17"
-33.368505,-70.69032,27.71,29.32,29.96,957.66,0.02,"18/01, 13:54:21"
-33.368505,-70.69032,27.74,29.36,29.65,957.66,-0.0,"18/01, 13:54:25"
-33.368505,-70.69032,27.78,29.4,29.46,957.66,0.09,"18/01, 13:54:29"
-33.368505,-70.69032,27.75,29.35,29.16,957.66,-0.0,"18/01, 13:54:33"
-33.368505,-70.69032,27.82,29.37,29.06,957.7,0.04,"18/01, 13:54:37"
-33.36850666666667,-70.69032,27.86,29.44,28.96,957.66,0.0,"18/01, 13:54:41"
-33.36850666666667,-70.69032,27.9,29.49,28.86,957.65,0.0,"18/01, 13:54:45"
-33.36850666666667,-70.69032,27.93,29.5,28.86,957.67,-0.0,"18/01, 13:54:49"
-33.36850666666667,-70.69032,27.93,29.54,28.56,957.65,0.01,"18/01, 13:54:53"
-33.36850666666667,-70.69032,27.92,29.52,28.37,957.62,-0.0,"18/01, 13:54:57"
-33.36850666666667,-70.69032,27.96,29.56,28.35,957.62,-0.0,"18/01, 13:55:01"
-33.36850666666667,-70.69032,27.92,29.61,28.27,957.64,-0.0,"18/01, 13:55:05"
-33.36850666666667,-70.69032,27.95,29.62,28.37,957.66,-0.0,"18/01, 13:55:09"
-33.36850666666667,-70.69032,27.96,29.64,28.35,957.68,-0.0,"18/01, 13:55:13"
-33.36850666666667,-70.69032,27.98,29.63,28.25,957.67,-0.0,"18/01, 13:55:17"
-33.36850666666667,-70.69032,27.96,29.64,28.25,957.67,0.0,"18/01, 13:55:21"
-33.36850666666667,-70.69032,28.01,29.64,28.25,957.66,-0.0,"18/01, 13:55:25"
-33.36850666666667,-70.69032,28.04,29.64,28.35,957.68,-0.0,"18/01, 13:55:29"
-33.36850666666667,-70.69032,28.05,29.66,28.35,957.69,-0.0,"18/01, 13:55:33"
-33.36850666666667,-70.69032,28.11,29.7,28.35,957.69,-0.0,"18/01, 13:55:37"
-33.36850666666667,-70.69032,28.17,29.77,28.35,957.68,-0.0,"18/01, 13:55:41"
-33.36850666666667,-70.69032,28.2,29.81,28.45,957.63,-0.0,"18/01, 13:55:45"
-33.36850666666667,-70.69032,28.23,29.86,28.44,957.65,-0.0,"18/01, 13:55:49"
-33.36850666666667,-70.69032,28.27,29.93,28.44,957.68,0.03,"18/01, 13:55:53"
-33.36850666666667,-70.69032,28.26,29.96,28.44,957.65,-0.0,"18/01, 13:55:57"
-33.36850666666667,-70.69032,28.25,29.98,28.05,957.63,0.06,"18/01, 13:56:01"
-33.36850666666667,-70.69032,28.26,30.02,27.94,957.65,-0.0,"18/01, 13:56:05"
-33.36850666666667,-70.69032,28.29,30.03,27.94,957.59,0.01,"18/01, 13:56:09"
-33.36850666666667,-70.69032166666666,28.27,29.97,27.94,957.59,-0.0,"18/01, 13:56:13"
-33.36850666666667,-70.69032166666666,28.26,29.93,27.75,957.6,0.06,"18/01, 13:56:17"
-33.368505,-70.69032166666666,28.26,29.94,27.84,957.62,-0.0,"18/01, 13:56:21"
-33.368505,-70.69032166666666,28.32,29.96,27.94,957.68,0.05,"18/01, 13:56:25"
-33.368505,-70.69032166666666,28.3,29.98,27.84,957.69,-0.0,"18/01, 13:56:29"
-33.368505,-70.69032166666666,28.32,29.99,27.84,957.69,0.04,"18/01, 13:56:33"
-33.368505,-70.69032166666666,28.33,29.99,27.84,957.69,0.0,"18/01, 13:56:37"
-33.368505,-70.69032166666666,28.38,30.01,28.05,957.65,0.11,"18/01, 13:56:41"
-33.368505,-70.69032166666666,28.44,30.04,28.14,957.62,-0.0,"18/01, 13:56:45"
-33.368505,-70.69032166666666,28.41,30.02,28.05,957.62,0.04,"18/01, 13:56:49"
-33.368505,-70.69032166666666,28.47,30.05,28.03,957.64,0.0,"18/01, 13:56:53"
-33.368505,-70.69032166666666,28.49,30.1,28.12,957.65,0.09,"18/01, 13:56:57"
-33.368505,-70.69032166666666,28.48,30.08,28.23,957.62,-0.0,"18/01, 13:57:01"
-33.368505,-70.69032166666666,28.41,30.07,28.14,957.64,0.02,"18/01, 13:57:05"
-33.368505,-70.69032166666666,28.35,29.99,27.94,957.66,-0.0,"18/01, 13:57:09"
-33.368505,-70.69032166666666,28.41,30.05,27.94,957.68,0.01,"18/01, 13:57:13"
-33.368505,-70.69032166666666,28.47,30.09,27.83,957.68,-0.0,"18/01, 13:57:17"
-33.368505,-70.69032166666666,28.54,30.11,27.83,957.68,0.01,"18/01, 13:57:21"
-33.368505,-70.69032166666666,28.52,30.17,27.83,957.67,-0.0,"18/01, 13:57:25"
-33.368505,-70.69032166666666,28.56,30.22,27.83,957.69,-0.0,"18/01, 13:57:29"
-33.368505,-70.69032166666666,28.59,30.26,27.83,957.7,0.0,"18/01, 13:57:33"
-33.368505,-70.69032166666666,28.62,30.3,27.93,957.71,0.0,"18/01, 13:57:37"
-33.368505,-70.69032166666666,28.64,30.35,27.93,957.7,-0.0,"18/01, 13:57:41"
-33.368505,-70.69032166666666,28.69,30.38,27.92,957.69,-0.0,"18/01, 13:57:46"
-33.368505,-70.69032166666666,28.6,30.32,27.93,957.67,0.0,"18/01, 13:57:49"
-33.368505,-70.69032166666666,28.62,30.38,27.93,957.71,-0.0,"18/01, 13:57:53"
-33.368505,-70.69032166666666,28.66,30.37,28.03,957.71,-0.0,"18/01, 13:57:57"
-33.368505,-70.69032166666666,28.67,30.35,28.03,957.69,0.0,"18/01, 13:58:01"
-33.368505,-70.69032166666666,28.72,30.33,27.92,957.69,0.0,"18/01, 13:58:05"
-33.368505,-70.69032166666666,28.67,30.38,27.83,957.71,0.0,"18/01, 13:58:09"
-33.36850333333334,-70.69032166666666,28.67,30.42,27.83,957.69,-0.0,"18/01, 13:58:13"
-33.36850333333334,-70.69032166666666,28.62,30.39,27.73,957.67,-0.0,"18/01, 13:58:17"
-33.36850333333334,-70.69032166666666,28.47,30.33,27.53,957.66,0.09,"18/01, 13:58:21"
-33.36850333333334,-70.69032166666666,28.52,30.31,27.64,957.63,-0.0,"18/01, 13:58:25"
-33.36850333333334,-70.69032333333334,28.44,30.29,27.75,957.61,0.04,"18/01, 13:58:29"
-33.36850333333334,-70.69032333333334,28.44,30.24,27.75,957.63,-0.0,"18/01, 13:58:33"
-33.36850333333334,-70.69032333333334,28.48,30.22,28.03,957.64,0.06,"18/01, 13:58:37"
-33.36850333333334,-70.69032333333334,28.51,30.21,28.12,957.64,-0.0,"18/01, 13:58:41"
-33.36850333333334,-70.69032333333334,28.52,30.25,28.12,957.67,0.05,"18/01, 13:58:45"
-33.36850333333334,-70.69032333333334,28.49,30.25,28.33,957.69,-0.0,"18/01, 13:58:49"
-33.36850333333334,-70.69032333333334,28.49,30.25,28.12,957.67,0.09,"18/01, 13:58:53"
-33.36850333333334,-70.69032333333334,28.51,30.27,27.93,957.68,-0.0,"18/01, 13:58:57"
-33.36850333333334,-70.69032333333334,28.49,30.29,27.93,957.68,0.03,"18/01, 13:59:01"
-33.36850333333334,-70.69032333333334,28.51,30.28,27.93,957.69,0.0,"18/01, 13:59:05"
-33.36850333333334,-70.69032333333334,28.56,30.24,28.12,957.65,0.05,"18/01, 13:59:09"
-33.36850333333334,-70.69032333333334,28.59,30.27,28.33,957.66,-0.0,"18/01, 13:59:13"
-33.36850333333334,-70.690325,28.62,30.26,28.33,957.65,0.03,"18/01, 13:59:17"
-33.36850333333334,-70.690325,28.63,30.24,28.42,957.66,-0.0,"18/01, 13:59:21"
-33.36850333333334,-70.690325,28.66,30.27,28.12,957.69,0.01,"18/01, 13:59:25"
-33.36850333333334,-70.690325,28.69,30.3,28.11,957.69,-0.0,"18/01, 13:59:29"
-33.36850333333334,-70.690325,28.72,30.36,28.21,957.68,0.0,"18/01, 13:59:33"
-33.36850333333334,-70.690325,28.74,30.38,28.31,957.68,0.0,"18/01, 13:59:37"
-33.36850333333334,-70.690325,28.79,30.36,28.51,957.65,0.0,"18/01, 13:59:41"
-33.36850333333334,-70.690325,28.79,30.35,28.31,957.63,0.0,"18/01, 13:59:45"
-33.36850333333334,-70.690325,28.86,30.37,28.21,957.65,0.0,"18/01, 13:59:49"
-33.36850333333334,-70.690325,28.89,30.4,28.31,957.58,0.0,"18/01, 13:59:53"
-33.36850333333334,-70.690325,28.88,30.45,28.21,957.61,0.0,"18/01, 13:59:57"
-33.36850333333334,-70.690325,28.76,30.44,27.82,957.63,-0.0,"18/01, 14:00:01"
-33.36850333333334,-70.690325,28.81,30.45,27.82,957.62,-0.0,"18/01, 14:00:05"
-33.36850333333334,-70.690325,28.86,30.45,27.92,957.66,-0.0,"18/01, 14:00:09"
-33.36850333333334,-70.690325,28.84,30.4,27.92,957.68,-0.0,"18/01, 14:00:13"
-33.36850333333334,-70.690325,28.86,30.42,27.82,957.7,-0.0,"18/01, 14:00:17"
-33.36850333333334,-70.690325,28.91,30.41,27.72,957.69,-0.0,"18/01, 14:00:21"
-33.36850333333334,-70.69032666666666,28.94,30.46,27.7,957.67,0.12,"18/01, 14:00:25"
-33.36850333333334,-70.69032666666666,28.96,30.48,27.7,957.67,-0.0,"18/01, 14:00:29"
-33.36850333333334,-70.69032666666666,29.07,30.52,27.7,957.69,0.08,"18/01, 14:00:33"
-33.36850333333334,-70.69032666666666,29.1,30.61,27.91,957.68,-0.0,"18/01, 14:00:37"
-33.36850333333334,-70.69032666666666,29.14,30.67,27.91,957.68,0.14,"18/01, 14:00:41"
-33.36850333333334,-70.69032666666666,29.17,30.71,28.19,957.65,0.0,"18/01, 14:00:45"
-33.36850333333334,-70.690325,29.22,30.74,27.99,957.64,0.08,"18/01, 14:00:49"
-33.36850333333334,-70.690325,29.13,30.76,27.51,957.63,-0.0,"18/01, 14:00:53"
-33.368505,-70.690325,29.08,30.73,27.22,957.66,-0.01,"18/01, 14:00:57"
-33.368505,-70.690325,29.07,30.63,27.22,957.64,-0.0,"18/01, 14:01:01"
-33.368505,-70.690325,29.01,30.52,27.31,957.65,0.04,"18/01, 14:01:06"
-33.368505,-70.690325,29.07,30.53,27.31,957.64,0.0,"18/01, 14:01:10"
-33.368505,-70.690325,29.07,30.52,27.31,957.65,0.03,"18/01, 14:01:14"
-33.368505,-70.690325,29.17,30.58,27.3,957.65,-0.0,"18/01, 14:01:17"
-33.368505,-70.690325,29.07,30.64,27.31,957.65,0.08,"18/01, 14:01:21"
-33.368505,-70.690325,28.82,30.57,27.13,957.59,-0.0,"18/01, 14:01:25"
-33.368505,-70.690325,28.96,30.59,27.22,957.65,-0.0,"18/01, 14:01:30"
-33.368505,-70.690325,29.01,30.56,27.31,957.67,-0.0,"18/01, 14:01:33"
-33.368505,-70.690325,29.04,30.57,27.31,957.7,0.0,"18/01, 14:01:37"
-33.368505,-70.690325,29.04,30.54,27.41,957.69,-0.0,"18/01, 14:01:41"
-33.368505,-70.690325,29.05,30.56,27.41,957.68,-0.0,"18/01, 14:01:45"
-33.368505,-70.690325,29.07,30.56,27.31,957.69,0.0,"18/01, 14:01:49"
-33.368505,-70.690325,29.08,30.59,27.31,957.7,0.0,"18/01, 14:01:53"
-33.36850666666667,-70.690325,29.13,30.66,27.41,957.71,0.0,"18/01, 14:01:57"
-33.36850666666667,-70.690325,29.12,30.69,27.41,957.66,0.0,"18/01, 14:02:01"
-33.36850666666667,-70.690325,29.14,30.72,27.31,957.64,-0.0,"18/01, 14:02:05"
-33.36850666666667,-70.690325,29.1,30.63,27.31,957.63,0.0,"18/01, 14:02:09"
-33.36850666666667,-70.690325,29.08,30.59,27.31,957.62,0.13,"18/01, 14:02:13"
-33.36850666666667,-70.690325,29.14,30.66,27.41,957.66,-0.0,"18/01, 14:02:17"
-33.36850666666667,-70.690325,29.16,30.72,27.7,957.64,0.11,"18/01, 14:02:21"
-33.36850666666667,-70.690325,29.2,30.76,27.5,957.66,0.0,"18/01, 14:02:25"
-33.36850666666667,-70.690325,29.13,30.71,27.22,957.69,0.01,"18/01, 14:02:29"
-33.36850666666667,-70.69032333333334,29.19,30.71,27.2,957.71,0.0,"18/01, 14:02:34"
-33.36850666666667,-70.69032333333334,29.1,30.74,27.01,957.71,0.07,"18/01, 14:02:37"
-33.36850666666667,-70.69032333333334,29.08,30.73,26.92,957.72,0.0,"18/01, 14:02:41"
-33.36850666666667,-70.69032333333334,29.07,30.7,26.92,957.67,0.16,"18/01, 14:02:45"
-33.36850666666667,-70.69032333333334,29.04,30.6,26.92,957.64,0.0,"18/01, 14:02:49"
-33.36850666666667,-70.69032333333334,29.01,30.63,27.01,957.64,0.07,"18/01, 14:02:53"
-33.36850666666667,-70.69032333333334,28.98,30.61,27.11,957.64,0.0,"18/01, 14:02:57"
-33.36850666666667,-70.69032333333334,29.04,30.61,27.22,957.66,0.03,"18/01, 14:03:01"
-33.36850666666667,-70.69032333333334,29.04,30.59,27.22,957.65,0.0,"18/01, 14:03:05"
-33.36850666666667,-70.69032333333334,29.02,30.6,27.01,957.63,0.04,"18/01, 14:03:09"
-33.36850666666667,-70.69032333333334,29.04,30.59,27.01,957.61,-0.0,"18/01, 14:03:13"
-33.36850666666667,-70.69032333333334,29.05,30.63,27.11,957.6,0.02,"18/01, 14:03:17"
-33.36850666666667,-70.69032333333334,29.08,30.66,27.41,957.62,0.0,"18/01, 14:03:21"
-33.36850666666667,-70.69032333333334,29.1,30.7,27.41,957.66,0.01,"18/01, 14:03:25"
-33.36850666666667,-70.690325,29.13,30.74,27.41,957.66,0.0,"18/01, 14:03:29"
-33.36850666666667,-70.690325,29.14,30.77,27.31,957.69,0.0,"18/01, 14:03:34"
-33.36850666666667,-70.690325,29.17,30.77,27.3,957.68,0.0,"18/01, 14:03:37"
-33.36850666666667,-70.690325,29.23,30.81,27.3,957.67,-0.0,"18/01, 14:03:41"
-33.36850666666667,-70.690325,29.22,30.8,27.2,957.69,0.0,"18/01, 14:03:45"
-33.36850666666667,-70.690325,29.22,30.77,27.2,957.68,0.0,"18/01, 14:03:49"
-33.36850666666667,-70.690325,29.29,30.83,27.3,957.67,-0.0,"18/01, 14:03:53"
-33.36850666666667,-70.690325,29.26,30.88,27.4,957.66,0.0,"18/01, 14:03:57"
-33.36850666666667,-70.690325,29.24,30.89,27.2,957.63,0.0,"18/01, 14:04:01"
-33.36850666666667,-70.690325,29.31,30.95,27.2,957.65,0.0,"18/01, 14:04:05"
-33.36850666666667,-70.69032333333334,29.19,30.88,27.2,957.65,0.0,"18/01, 14:04:09"
-33.36850666666667,-70.69032333333334,29.13,30.81,27.22,957.65,-0.0,"18/01, 14:04:13"
-33.36850666666667,-70.69032333333334,29.26,30.84,27.2,957.68,-0.01,"18/01, 14:04:17"
-33.36850666666667,-70.69032333333334,29.27,30.88,27.2,957.73,0.0,"18/01, 14:04:21"
-33.368505,-70.69032333333334,29.2,30.92,27.1,957.73,0.1,"18/01, 14:04:25"
-33.36850666666667,-70.69032333333334,29.01,30.82,27.11,957.7,-0.0,"18/01, 14:04:29"
-33.36850666666667,-70.69032333333334,29.02,30.77,27.22,957.68,0.02,"18/01, 14:04:33"
-33.36850666666667,-70.69032333333334,29.13,30.81,27.41,957.71,0.0,"18/01, 14:04:37"
-33.36850666666667,-70.69032333333334,29.14,30.84,27.41,957.71,0.07,"18/01, 14:04:41"
-33.36850666666667,-70.69032333333334,29.14,30.78,27.31,957.69,-0.0,"18/01, 14:04:45"
-33.36850666666667,-70.69032333333334,29.13,30.73,27.31,957.68,0.03,"18/01, 14:04:49"
-33.36850666666667,-70.69032333333334,29.19,30.79,27.4,957.7,0.0,"18/01, 14:04:53"
-33.36850666666667,-70.69032333333334,29.05,30.8,27.31,957.7,0.07,"18/01, 14:04:57"
-33.36850666666667,-70.69032333333334,28.93,30.73,27.31,957.71,-0.0,"18/01, 14:05:01"
-33.36850666666667,-70.69032333333334,28.88,30.69,27.33,957.72,0.12,"18/01, 14:05:05"
-33.36850666666667,-70.69032333333334,28.93,30.67,27.41,957.75,0.0,"18/01, 14:05:09"
-33.36850666666667,-70.69032333333334,28.93,30.66,27.41,957.75,0.07,"18/01, 14:05:13"
-33.36850666666667,-70.69032333333334,28.85,30.62,27.52,957.71,-0.0,"18/01, 14:05:17"
-33.36850666666667,-70.69032333333334,28.85,30.57,27.62,957.72,-0.02,"18/01, 14:05:21"
-33.36850666666667,-70.69032166666666,28.72,30.52,27.52,957.73,0.0,"18/01, 14:05:25"
-33.36850666666667,-70.69032166666666,28.52,30.41,27.53,957.72,0.02,"18/01, 14:05:29"
-33.36850666666667,-70.69032166666666,28.42,30.27,27.65,957.72,-0.0,"18/01, 14:05:33"
-33.36850666666667,-70.69032166666666,28.47,30.22,27.73,957.73,-0.0,"18/01, 14:05:37"
-33.36850666666667,-70.69032166666666,28.35,30.13,27.75,957.71,0.0,"18/01, 14:05:41"
-33.36850666666667,-70.69032166666666,28.39,30.09,27.94,957.73,-0.0,"18/01, 14:05:45"
-33.36850666666667,-70.69032166666666,28.29,30.04,28.05,957.75,-0.0,"18/01, 14:05:49"
-33.36850666666667,-70.69032166666666,28.07,29.93,28.06,957.75,-0.0,"18/01, 14:05:53"
-33.36850666666667,-70.69032,28.15,29.87,28.16,957.73,-0.0,"18/01, 14:05:57"
-33.36850666666667,-70.69032,28.07,29.8,28.25,957.71,-0.0,"18/01, 14:06:01"
-33.36850666666667,-70.69032,28.02,29.73,28.45,957.71,0.0,"18/01, 14:06:05"
-33.36850666666667,-70.69032,28.01,29.65,28.55,957.71,-0.0,"18/01, 14:06:09"
-33.36850666666667,-70.69032,28.05,29.62,28.85,957.7,-0.0,"18/01, 14:06:13"
-33.36850666666667,-70.69032,27.95,29.59,28.66,957.69,0.0,"18/01, 14:06:17"
-33.36850666666667,-70.69032,28.04,29.58,28.75,957.7,-0.0,"18/01, 14:06:21"
-33.368505,-70.69032,28.08,29.61,28.85,957.73,-0.0,"18/01, 14:06:25"
-33.368505,-70.69032,28.1,29.61,28.94,957.73,0.0,"18/01, 14:06:29"
-33.368505,-70.69032,28.14,29.64,29.05,957.74,-0.0,"18/01, 14:06:33"
-33.368505,-70.69032,28.05,29.63,28.94,957.73,0.09,"18/01, 14:06:37"
-33.368505,-70.69032,28.07,29.61,28.94,957.7,-0.0,"18/01, 14:06:41"
-33.368505,-70.69032,28.08,29.58,29.05,957.69,0.1,"18/01, 14:06:45"
-33.368505,-70.69032,28.1,29.59,29.05,957.7,0.0,"18/01, 14:06:49"
-33.368505,-70.69032,28.1,29.58,29.05,957.7,0.06,"18/01, 14:06:53"
-33.368505,-70.69032,28.01,29.54,28.85,957.7,0.0,"18/01, 14:06:57"
-33.368505,-70.69032,28.11,29.55,28.85,957.71,0.13,"18/01, 14:07:01"
-33.368505,-70.69032,28.04,29.57,28.75,957.7,-0.0,"18/01, 14:07:05"
-33.368505,-70.69032,28.0,29.57,28.65,957.73,0.04,"18/01, 14:07:09"
-33.368505,-70.69032,28.0,29.56,28.65,957.74,-0.0,"18/01, 14:07:13"
-33.368505,-70.69032,28.02,29.52,28.75,957.7,0.1,"18/01, 14:07:17"
-33.368505,-70.69032,28.02,29.53,28.94,957.72,-0.0,"18/01, 14:07:21"
-33.368505,-70.69032,27.87,29.51,28.76,957.71,0.07,"18/01, 14:07:25"
-33.368505,-70.69032,27.87,29.47,28.76,957.7,-0.0,"18/01, 14:07:29"
-33.368505,-70.69032,27.89,29.45,28.66,957.73,0.01,"18/01, 14:07:33"
-33.368505,-70.69032,27.92,29.44,28.76,957.77,-0.0,"18/01, 14:07:37"
-33.368505,-70.69032,27.95,29.44,28.86,957.79,0.06,"18/01, 14:07:41"
-33.368505,-70.69032,27.86,29.42,28.76,957.75,-0.0,"18/01, 14:07:45"
-33.368505,-70.69032,27.71,29.38,28.67,957.75,0.07,"18/01, 14:07:49"
-33.368505,-70.69032,27.78,29.35,28.76,957.77,-0.0,"18/01, 14:07:53"
-33.368505,-70.69032,27.8,29.35,28.86,957.78,0.06,"18/01, 14:07:57"
-33.368505,-70.69032,27.8,29.29,28.96,957.8,-0.0,"18/01, 14:08:01"
-33.368505,-70.69032166666666,27.86,29.34,28.96,957.81,0.02,"18/01, 14:08:06"
-33.368505,-70.69032166666666,27.74,29.34,28.76,957.8,0.0,"18/01, 14:08:09"
-33.368505,-70.69032166666666,27.78,29.36,28.66,957.79,0.05,"18/01, 14:08:13"
-33.368505,-70.69032166666666,27.75,29.36,28.66,957.81,-0.0,"18/01, 14:08:17"
-33.368505,-70.69032166666666,27.77,29.37,28.66,957.77,0.02,"18/01, 14:08:21"
-33.368505,-70.69032166666666,27.74,29.34,28.66,957.77,-0.0,"18/01, 14:08:25"
-33.368505,-70.69032166666666,27.83,29.33,28.56,957.76,-0.01,"18/01, 14:08:29"
-33.368505,-70.69032166666666,27.87,29.37,28.56,957.74,0.0,"18/01, 14:08:33"
-33.368505,-70.69032166666666,27.93,29.4,28.56,957.73,0.01,"18/01, 14:08:37"
-33.368505,-70.69032166666666,27.98,29.45,28.55,957.75,-0.0,"18/01, 14:08:41"
-33.368505,-70.69032166666666,28.02,29.5,28.35,957.73,0.0,"18/01, 14:08:45"
-33.368505,-70.69032333333334,28.05,29.53,28.35,957.7,0.0,"18/01, 14:08:49"
-33.368505,-70.69032333333334,28.12,29.58,28.45,957.71,-0.0,"18/01, 14:08:53"
-33.368505,-70.69032333333334,28.19,29.64,28.35,957.73,0.0,"18/01, 14:08:57"
-33.368505,-70.69032333333334,28.12,29.64,28.25,957.73,-0.0,"18/01, 14:09:02"
-33.368505,-70.69032333333334,28.17,29.64,28.25,957.73,0.0,"18/01, 14:09:05"
-33.368505,-70.69032166666666,28.22,29.69,28.34,957.74,0.0,"18/01, 14:09:09"
-33.368505,-70.69032166666666,28.2,29.72,28.55,957.74,-0.0,"18/01, 14:09:13"
-33.368505,-70.69032166666666,28.26,29.74,28.53,957.78,-0.0,"18/01, 14:09:17"
-33.368505,-70.69032166666666,28.3,29.83,28.53,957.81,0.0,"18/01, 14:09:21"
-33.368505,-70.69032166666666,28.32,29.89,28.44,957.83,0.0,"18/01, 14:09:25"
-33.36850666666667,-70.69032166666666,28.38,29.95,28.34,957.85,0.0,"18/01, 14:09:29"
-33.368505,-70.69032166666666,28.39,29.97,28.34,957.8,-0.0,"18/01, 14:09:33"
-33.368505,-70.69032,28.47,29.99,28.42,957.82,0.18,"18/01, 14:09:37"
-33.36850666666667,-70.69032,28.49,30.04,28.52,957.82,-0.0,"18/01, 14:09:41"
-33.368505,-70.69032,28.49,30.03,28.72,957.84,0.07,"18/01, 14:09:45"
-33.368505,-70.69032,28.52,30.06,28.62,957.82,-0.0,"18/01, 14:09:49"
-33.368505,-70.69032,28.63,30.12,28.52,957.82,0.05,"18/01, 14:09:53"
-33.368505,-70.69032,28.67,30.19,28.42,957.83,0.0,"18/01, 14:09:57"
-33.368505,-70.69032,28.6,30.16,28.33,957.83,-0.04,"18/01, 14:10:01"
-33.368505,-70.69032,28.69,30.23,28.31,957.81,-0.0,"18/01, 14:10:05"
-33.368505,-70.69031833333334,28.72,30.3,28.31,957.82,0.09,"18/01, 14:10:09"
-33.368505,-70.69031833333334,28.76,30.34,28.41,957.83,-0.0,"18/01, 14:10:13"
-33.368505,-70.69031833333334,28.79,30.34,28.41,957.86,-0.02,"18/01, 14:10:17"
-33.368505,-70.69031833333334,28.7,30.31,28.02,957.87,-0.0,"18/01, 14:10:21"
-33.368505,-70.69031833333334,28.74,30.32,27.82,957.82,0.03,"18/01, 14:10:26"
-33.368505,-70.69031833333334,28.74,30.34,27.82,957.79,0.0,"18/01, 14:10:30"
-33.368505,-70.69031833333334,28.7,30.35,27.82,957.79,0.03,"18/01, 14:10:33"
-33.36850666666667,-70.69031833333334,28.45,30.27,27.73,957.8,0.0,"18/01, 14:10:37"
-33.36850666666667,-70.69031833333334,28.52,30.21,27.83,957.82,0.03,"18/01, 14:10:41"
-33.36850666666667,-70.69031833333334,28.49,30.06,27.83,957.83,-0.0,"18/01, 14:10:45"
-33.36850666666667,-70.69031833333334,28.52,30.05,27.93,957.82,0.06,"18/01, 14:10:49"
-33.36850666666667,-70.69031833333334,28.57,30.05,27.93,957.8,-0.0,"18/01, 14:10:53"
-33.36850666666667,-70.69031833333334,28.6,30.09,27.93,957.75,0.02,"18/01, 14:10:57"
-33.36850666666667,-70.69031666666666,28.49,30.04,28.03,957.76,-0.0,"18/01, 14:11:01"
-33.36850666666667,-70.69031666666666,28.52,29.99,28.12,957.77,0.01,"18/01, 14:11:05"
-33.36850666666667,-70.69031666666666,28.52,30.03,28.03,957.75,0.0,"18/01, 14:11:09"
-33.36850666666667,-70.69031666666666,28.62,30.06,28.12,957.76,-0.0,"18/01, 14:11:13"
-33.368505,-70.69031666666666,28.66,30.11,28.12,957.75,-0.0,"18/01, 14:11:17"
-33.368505,-70.69031666666666,28.66,30.13,28.03,957.75,-0.0,"18/01, 14:11:21"
-33.368505,-70.69031666666666,28.69,30.16,27.92,957.78,0.0,"18/01, 14:11:25"
-33.368505,-70.69031666666666,28.72,30.18,27.92,957.76,0.0,"18/01, 14:11:29"
-33.368505,-70.69031666666666,28.78,30.27,28.02,957.78,-0.0,"18/01, 14:11:33"
-33.368505,-70.69031666666666,28.76,30.25,27.92,957.77,-0.0,"18/01, 14:11:37"
-33.368505,-70.69031666666666,28.78,30.29,27.92,957.78,-0.0,"18/01, 14:11:41"
-33.368505,-70.69031666666666,28.67,30.33,27.64,957.74,-0.0,"18/01, 14:11:45"
-33.368505,-70.69031666666666,28.75,30.34,27.62,957.74,0.0,"18/01, 14:11:49"
-33.368505,-70.69031666666666,28.72,30.32,27.62,957.75,0.0,"18/01, 14:11:53"
-33.368505,-70.69031666666666,28.72,30.32,27.52,957.73,0.09,"18/01, 14:11:57"
-33.368505,-70.69031666666666,28.76,30.36,27.72,957.73,-0.0,"18/01, 14:12:01"
-33.368505,-70.69031666666666,28.78,30.39,27.82,957.72,0.12,"18/01, 14:12:05"
-33.368505,-70.69031666666666,28.84,30.41,27.92,957.72,-0.0,"18/01, 14:12:09"
-33.368505,-70.69031666666666,28.84,30.43,27.92,957.69,0.07,"18/01, 14:12:13"
-33.368505,-70.69031666666666,28.72,30.32,27.72,957.7,0.0,"18/01, 14:12:17"
-33.36850666666667,-70.69031666666666,28.64,30.25,27.73,957.69,0.12,"18/01, 14:12:22"
-33.36850666666667,-70.69031666666666,28.66,30.23,27.64,957.68,-0.0,"18/01, 14:12:25"
-33.36850666666667,-70.690315,28.66,30.2,27.64,957.68,0.05,"18/01, 14:12:29"
-33.36850666666667,-70.690315,28.74,30.25,27.72,957.68,0.0,"18/01, 14:12:33"
-33.36850666666667,-70.690315,28.69,30.28,27.72,957.71,0.05,"18/01, 14:12:37"
-33.36850666666667,-70.690315,28.67,30.27,27.73,957.72,-0.0,"18/01, 14:12:41"
-33.36850666666667,-70.690315,28.67,30.21,27.53,957.72,0.06,"18/01, 14:12:45"
-33.36850666666667,-70.690315,28.7,30.19,27.52,957.74,-0.0,"18/01, 14:12:49"
-33.36850666666667,-70.690315,28.74,30.21,27.52,957.71,0.04,"18/01, 14:12:53"
-33.36850666666667,-70.690315,28.75,30.24,27.62,957.72,0.0,"18/01, 14:12:57"
-33.36850666666667,-70.690315,28.78,30.29,27.72,957.7,0.04,"18/01, 14:13:01"
-33.36850666666667,-70.690315,28.78,30.34,27.92,957.68,0.0,"18/01, 14:13:05"
-33.36850666666667,-70.690315,28.81,30.39,27.92,957.76,0.01,"18/01, 14:13:09"
-33.36850666666667,-70.690315,28.82,30.43,27.82,957.74,-0.0,"18/01, 14:13:13"
-33.368505,-70.690315,28.85,30.43,27.82,957.72,-0.01,"18/01, 14:13:17"
-33.368505,-70.690315,28.86,30.47,27.82,957.74,0.0,"18/01, 14:13:22"
-33.368505,-70.690315,28.86,30.43,27.82,957.74,-0.0,"18/01, 14:13:25"
-33.368505,-70.690315,28.91,30.45,27.92,957.73,-0.0,"18/01, 14:13:29"
-33.368505,-70.690315,28.94,30.48,27.91,957.73,-0.0,"18/01, 14:13:33"
-33.368505,-70.690315,28.97,30.53,27.91,957.75,-0.0,"18/01, 14:13:37"
-33.368505,-70.690315,29.04,30.54,28.0,957.75,-0.0,"18/01, 14:13:41"
-33.368505,-70.690315,29.08,30.6,27.91,957.76,0.0,"18/01, 14:13:45"
-33.368505,-70.690315,29.14,30.69,27.81,957.76,-0.0,"18/01, 14:13:49"
-33.368505,-70.690315,29.2,30.75,27.79,957.73,-0.0,"18/01, 14:13:53"
-33.368505,-70.690315,29.24,30.82,28.28,957.72,-0.0,"18/01, 14:13:57"
-33.368505,-70.690315,29.31,30.88,28.28,957.74,0.09,"18/01, 14:14:02"
-33.368505,-70.69031333333334,29.36,30.95,27.99,957.74,-0.0,"18/01, 14:14:05"
-33.368505,-70.69031333333334,29.36,30.99,27.79,957.72,0.06,"18/01, 14:14:09"
-33.368505,-70.690315,29.36,31.03,27.59,957.69,0.0,"18/01, 14:14:13"
-33.368505,-70.69031333333334,29.31,31.04,27.3,957.69,0.08,"18/01, 14:14:17"
-33.368505,-70.69031333333334,29.39,31.07,27.4,957.72,-0.0,"18/01, 14:14:21"
-33.368505,-70.69031333333334,29.44,31.08,27.58,957.72,0.05,"18/01, 14:14:25"
-33.368505,-70.69031333333334,29.51,31.09,27.28,957.73,0.0,"18/01, 14:14:29"
-33.36850333333334,-70.69031333333334,29.53,31.11,27.28,957.74,0.11,"18/01, 14:14:33"
-33.36850333333334,-70.690315,29.42,31.05,27.19,957.73,0.0,"18/01, 14:14:37"
-33.36850333333334,-70.69031333333334,29.47,31.05,27.28,957.76,-0.05,"18/01, 14:14:41"
-33.36850333333334,-70.69031333333334,29.53,31.06,27.09,957.79,0.0,"18/01, 14:14:45"
-33.368505,-70.69031333333334,29.51,31.07,27.09,957.78,0.01,"18/01, 14:14:50"
-33.368505,-70.69031333333334,29.5,31.05,27.19,957.78,0.0,"18/01, 14:14:53"
-33.368505,-70.69031333333334,29.5,31.04,27.09,957.77,0.06,"18/01, 14:14:57"
-33.368505,-70.69031333333334,29.53,31.07,26.89,957.76,-0.0,"18/01, 14:15:01"
-33.368505,-70.69031333333334,29.57,31.15,26.79,957.78,0.01,"18/01, 14:15:05"
-33.368505,-70.69031333333334,29.61,31.19,26.89,957.78,0.0,"18/01, 14:15:09"
-33.368505,-70.69031333333334,29.69,31.28,26.88,957.81,-0.0,"18/01, 14:15:13"
-33.368505,-70.69031333333334,29.66,31.35,26.98,957.82,-0.0,"18/01, 14:15:17"
-33.368505,-70.69031333333334,29.69,31.39,26.98,957.8,0.0,"18/01, 14:15:21"
-33.368505,-70.69031333333334,29.68,31.39,26.68,957.8,0.0,"18/01, 14:15:25"
-33.368505,-70.69031333333334,29.66,31.31,26.68,957.82,-0.0,"18/01, 14:15:29"
-33.368505,-70.69031333333334,29.6,31.24,26.59,957.81,0.0,"18/01, 14:15:33"
-33.36850333333334,-70.69031333333334,29.6,31.21,26.5,957.77,0.0,"18/01, 14:15:37"
-33.36850333333334,-70.69031333333334,29.63,31.19,26.5,957.78,-0.0,"18/01, 14:15:41"
-33.36850333333334,-70.69031333333334,29.76,31.29,26.58,957.74,0.0,"18/01, 14:15:45"
-33.36850333333334,-70.69031333333334,29.76,31.35,26.68,957.71,0.0,"18/01, 14:15:49"
-33.36850333333334,-70.69031333333334,29.78,31.38,26.58,957.71,0.0,"18/01, 14:15:53"
-33.36850333333334,-70.69031333333334,29.73,31.37,26.48,957.75,0.1,"18/01, 14:15:57"
-33.36850333333334,-70.69031333333334,29.68,31.28,26.48,957.72,-0.0,"18/01, 14:16:01"
-33.36850333333334,-70.69031333333334,29.61,31.22,26.4,957.73,0.05,"18/01, 14:16:05"
-33.36850333333334,-70.69031333333334,29.65,31.25,26.39,957.73,-0.0,"18/01, 14:16:09"
-33.36850333333334,-70.69031333333334,29.69,31.29,26.29,957.74,0.04,"18/01, 14:16:13"
-33.36850333333334,-70.69031333333334,29.71,31.3,26.39,957.73,0.0,"18/01, 14:16:17"
-33.36850333333334,-70.690315,29.73,31.29,26.29,957.74,0.04,"18/01, 14:16:21"
-33.36850333333334,-70.690315,29.79,31.33,26.29,957.74,-0.0,"18/01, 14:16:25"
-33.36850333333334,-70.690315,29.78,31.33,26.29,957.74,0.1,"18/01, 14:16:29"
-33.36850333333334,-70.690315,29.71,31.35,26.39,957.69,-0.0,"18/01, 14:16:33"
-33.36850333333334,-70.690315,29.69,31.31,26.29,957.67,0.04,"18/01, 14:16:37"
-33.36850333333334,-70.690315,29.76,31.41,26.39,957.7,0.0,"18/01, 14:16:41"
-33.36850333333334,-70.690315,29.79,31.47,26.29,957.71,0.04,"18/01, 14:16:45"
-33.36850333333334,-70.690315,29.71,31.42,26.29,957.71,-0.0,"18/01, 14:16:49"
-33.36850333333334,-70.690315,29.75,31.38,26.39,957.71,0.02,"18/01, 14:16:53"
-33.36850333333334,-70.690315,29.73,31.43,26.19,957.71,0.0,"18/01, 14:16:57"
-33.36850333333334,-70.690315,29.79,31.43,26.39,957.71,0.01,"18/01, 14:17:01"
-33.36850333333334,-70.690315,29.78,31.42,26.48,957.7,-0.0,"18/01, 14:17:05"
-33.36850166666667,-70.690315,29.81,31.44,26.39,957.7,-0.0,"18/01, 14:17:09"
-33.36850333333334,-70.690315,29.9,31.51,26.37,957.7,0.0,"18/01, 14:17:14"
-33.36850166666667,-70.690315,29.94,31.54,26.37,957.71,-0.0,"18/01, 14:17:17"
-33.36850166666667,-70.690315,30.03,31.59,26.47,957.7,0.0,"18/01, 14:17:21"
-33.36850166666667,-70.690315,30.09,31.67,26.37,957.71,0.0,"18/01, 14:17:26"
-33.36850166666667,-70.690315,30.1,31.75,26.37,957.69,-0.0,"18/01, 14:17:29"
-33.36850166666667,-70.690315,30.08,31.78,26.18,957.72,0.0,"18/01, 14:17:33"
-33.36850166666667,-70.690315,29.87,31.76,25.99,957.75,0.0,"18/01, 14:17:37"
-33.36850166666667,-70.690315,29.98,31.75,26.08,957.72,0.0,"18/01, 14:17:41"
-33.36850166666667,-70.690315,30.08,31.79,26.18,957.72,0.03,"18/01, 14:17:45"
-33.36850166666667,-70.690315,30.08,31.83,26.37,957.71,-0.0,"18/01, 14:17:49"
-33.3685,-70.690315,30.1,31.85,26.37,957.71,0.03,"18/01, 14:17:53"
-33.3685,-70.690315,30.1,31.88,26.37,957.7,0.0,"18/01, 14:17:57"
-33.3685,-70.690315,30.0,31.86,26.37,957.69,0.03,"18/01, 14:18:01"
-33.3685,-70.690315,30.08,31.77,26.37,957.65,0.0,"18/01, 14:18:05"
-33.3685,-70.690315,30.15,31.81,26.36,957.68,0.05,"18/01, 14:18:09"
-33.3685,-70.690315,30.16,31.83,26.26,957.7,-0.0,"18/01, 14:18:13"
-33.3685,-70.690315,30.16,31.82,26.26,957.72,0.03,"18/01, 14:18:17"
-33.3685,-70.690315,30.18,31.8,26.07,957.72,-0.0,"18/01, 14:18:21"
-33.3685,-70.690315,30.21,31.86,26.17,957.71,0.01,"18/01, 14:18:25"
-33.3685,-70.690315,30.21,31.89,26.07,957.69,-0.0,"18/01, 14:18:29"
-33.368498333333335,-70.690315,30.23,31.86,25.96,957.69,0.02,"18/01, 14:18:34"
-33.368498333333335,-70.690315,30.23,31.86,25.96,957.66,-0.0,"18/01, 14:18:38"
-33.368498333333335,-70.690315,30.19,31.82,26.07,957.66,0.01,"18/01, 14:18:41"
-33.368498333333335,-70.690315,30.23,31.82,26.17,957.65,-0.0,"18/01, 14:18:45"
-33.368498333333335,-70.690315,30.3,31.88,26.17,957.65,-0.01,"18/01, 14:18:49"
-33.368498333333335,-70.690315,30.34,31.97,26.07,957.69,0.0,"18/01, 14:18:53"
-33.368498333333335,-70.690315,30.34,32.02,26.46,957.69,-0.0,"18/01, 14:18:57"
-33.368498333333335,-70.690315,30.37,32.02,26.85,957.71,0.0,"18/01, 14:19:01"
-33.368498333333335,-70.690315,30.44,32.09,26.74,957.72,0.0,"18/01, 14:19:05"
-33.368498333333335,-70.690315,30.46,32.11,26.45,957.72,-0.0,"18/01, 14:19:09"
-33.368498333333335,-70.690315,30.44,32.09,26.35,957.72,-0.0,"18/01, 14:19:13"
-33.368498333333335,-70.690315,30.47,32.08,26.05,957.71,-0.0,"18/01, 14:19:17"
-33.368498333333335,-70.690315,30.46,32.09,26.15,957.72,-0.0,"18/01, 14:19:21"
-33.368498333333335,-70.690315,30.53,32.1,26.25,957.71,0.09,"18/01, 14:19:25"
-33.368496666666665,-70.690315,30.53,32.17,26.93,957.71,-0.0,"18/01, 14:19:29"
-33.368496666666665,-70.690315,30.5,32.23,27.62,957.67,0.08,"18/01, 14:19:33"
-33.368496666666665,-70.690315,30.57,32.28,27.23,957.66,0.0,"18/01, 14:19:37"
-33.368496666666665,-70.690315,30.59,32.27,26.64,957.65,0.07,"18/01, 14:19:41"
-33.368496666666665,-70.690315,30.62,32.28,26.45,957.66,0.0,"18/01, 14:19:45"
-33.368496666666665,-70.690315,30.66,32.29,26.53,957.67,0.05,"18/01, 14:19:49"
-33.368496666666665,-70.690315,30.7,32.34,26.43,957.7,-0.0,"18/01, 14:19:54"
-33.368496666666665,-70.690315,30.53,32.29,26.15,957.72,0.01,"18/01, 14:19:57"
-33.368496666666665,-70.690315,30.44,32.17,25.95,957.74,-0.0,"18/01, 14:20:02"
-33.368495,-70.690315,30.44,32.12,25.85,957.74,0.05,"18/01, 14:20:06"
-33.368495,-70.690315,30.46,32.11,25.66,957.72,0.0,"18/01, 14:20:09"
-33.368495,-70.690315,30.46,32.15,25.66,957.71,0.03,"18/01, 14:20:13"
-33.368495,-70.690315,30.43,32.16,25.76,957.69,0.0,"18/01, 14:20:17"
-33.368495,-70.690315,30.39,32.16,26.25,957.71,-0.0,"18/01, 14:20:21"
-33.368495,-70.690315,30.37,32.07,26.17,957.71,-0.0,"18/01, 14:20:25"
-33.368495,-70.690315,30.3,31.99,25.96,957.72,0.0,"18/01, 14:20:29"
-33.368495,-70.690315,30.25,31.89,25.87,957.71,0.0,"18/01, 14:20:33"
-33.368495,-70.690315,30.18,31.84,25.77,957.66,-0.0,"18/01, 14:20:37"
-33.368495,-70.690315,30.21,31.87,25.87,957.65,0.0,"18/01, 14:20:41"
-33.368495,-70.690315,30.23,31.89,26.26,957.68,-0.0,"18/01, 14:20:45"
-33.368495,-70.690315,30.16,31.81,26.36,957.67,0.0,"18/01, 14:20:49"
-33.36849333333333,-70.690315,30.23,31.81,26.46,957.67,-0.0,"18/01, 14:20:53"
-33.36849333333333,-70.690315,30.09,31.76,26.28,957.67,-0.0,"18/01, 14:20:57"
-33.36849333333333,-70.690315,30.16,31.77,26.36,957.66,-0.0,"18/01, 14:21:01"
-33.36849333333333,-70.690315,30.19,31.79,26.46,957.64,0.09,"18/01, 14:21:05"
-33.36849333333333,-70.690315,30.09,31.76,26.37,957.67,-0.0,"18/01, 14:21:09"
-33.36849333333333,-70.690315,30.02,31.72,26.28,957.68,0.05,"18/01, 14:21:13"
-33.36849333333333,-70.690315,30.02,31.7,26.08,957.69,-0.0,"18/01, 14:21:17"
-33.36849333333333,-70.690315,29.97,31.64,26.08,957.7,0.1,"18/01, 14:21:21"
-33.36849333333333,-70.690315,29.98,31.57,26.08,957.7,0.0,"18/01, 14:21:25"
-33.36849333333333,-70.690315,29.98,31.57,26.18,957.73,-0.0,"18/01, 14:21:29"
-33.36849333333333,-70.690315,29.97,31.62,26.37,957.75,-0.0,"18/01, 14:21:33"
-33.36849333333333,-70.690315,29.94,31.58,26.18,957.76,0.02,"18/01, 14:21:37"
-33.36849333333333,-70.690315,29.72,31.47,26.09,957.76,0.0,"18/01, 14:21:41"
-33.36849333333333,-70.690315,29.72,31.36,26.29,957.72,0.02,"18/01, 14:21:45"
-33.36849333333333,-70.690315,29.56,31.36,26.4,957.69,0.0,"18/01, 14:21:49"
-33.368491666666664,-70.690315,29.63,31.33,26.4,957.71,-0.0,"18/01, 14:21:53"
-33.368491666666664,-70.690315,29.66,31.32,26.48,957.73,-0.0,"18/01, 14:21:57"
-33.368491666666664,-70.690315,29.65,31.27,26.48,957.71,0.02,"18/01, 14:22:01"
-33.368491666666664,-70.690315,29.6,31.19,26.5,957.66,0.0,"18/01, 14:22:05"
-33.368491666666664,-70.690315,29.63,31.18,26.59,957.66,-0.0,"18/01, 14:22:09"
-33.368491666666664,-70.690315,29.66,31.25,26.48,957.65,0.0,"18/01, 14:22:13"
-33.368491666666664,-70.690315,29.69,31.3,26.39,957.67,-0.0,"18/01, 14:22:17"
-33.368491666666664,-70.690315,29.69,31.34,26.39,957.65,-0.0,"18/01, 14:22:21"
-33.368491666666664,-70.690315,29.68,31.31,26.58,957.68,0.0,"18/01, 14:22:25"
-33.368491666666664,-70.69031666666666,29.51,31.24,26.59,957.69,0.13,"18/01, 14:22:30"
-33.36848333333333,-70.69031833333334,29.47,31.16,26.7,957.67,0.0,"18/01, 14:22:33"
-33.36848333333333,-70.69031166666667,29.56,31.17,26.79,957.69,-0.0,"18/01, 14:22:37"
-33.36848,-70.69030833333333,29.59,31.21,27.09,957.69,0.0,"18/01, 14:22:41"
-33.368476666666666,-70.69030666666667,29.65,31.26,27.17,957.69,0.11,"18/01, 14:22:45"
-33.368476666666666,-70.69030666666667,29.6,31.29,26.89,957.67,-0.0,"18/01, 14:22:49"
-33.368476666666666,-70.69030666666667,29.54,31.25,26.59,957.65,0.0,"18/01, 14:22:53"
-33.368476666666666,-70.69030666666667,29.59,31.19,26.59,957.65,0.0,"18/01, 14:22:57"
-33.368476666666666,-70.69030666666667,29.6,31.21,26.89,957.64,0.06,"18/01, 14:23:01"
-33.368476666666666,-70.69030666666667,29.65,31.22,27.27,957.64,0.0,"18/01, 14:23:05"
-33.368476666666666,-70.69030666666667,29.68,31.21,27.37,957.65,-0.07,"18/01, 14:23:09"
-33.368476666666666,-70.69030666666667,29.72,31.24,27.08,957.68,-0.0,"18/01, 14:23:13"
-33.368476666666666,-70.69030666666667,29.68,31.24,26.68,957.68,0.03,"18/01, 14:23:17"
-33.368476666666666,-70.69030666666667,29.69,31.25,26.48,957.64,-0.0,"18/01, 14:23:21"
-33.368476666666666,-70.69030833333333,29.71,31.23,26.68,957.66,0.03,"18/01, 14:23:25"
-33.368476666666666,-70.69030833333333,29.66,31.26,26.68,957.65,-0.0,"18/01, 14:23:29"
-33.368476666666666,-70.69030666666667,29.47,31.24,26.59,957.64,0.02,"18/01, 14:23:33"
-33.368476666666666,-70.69030666666667,29.5,31.2,26.59,957.64,0.0,"18/01, 14:23:38"
-33.368476666666666,-70.69030666666667,29.53,31.12,26.7,957.64,0.03,"18/01, 14:23:41"
-33.368476666666666,-70.69030666666667,29.59,31.16,26.89,957.65,-0.0,"18/01, 14:23:45"
-33.368476666666666,-70.69030833333333,29.51,31.18,26.79,957.67,0.01,"18/01, 14:23:49"
-33.368476666666666,-70.69030833333333,29.36,31.11,26.71,957.62,-0.0,"18/01, 14:23:53"
-33.368476666666666,-70.69030833333333,29.49,31.12,27.09,957.6,-0.0,"18/01, 14:23:57"
-33.368476666666666,-70.69030833333333,29.53,31.1,27.19,957.59,0.0,"18/01, 14:24:02"
-33.368476666666666,-70.69030833333333,29.57,31.11,27.09,957.63,-0.0,"18/01, 14:24:05"
-33.368476666666666,-70.69030833333333,29.54,31.14,26.99,957.64,-0.0,"18/01, 14:24:09"
-33.368476666666666,-70.69030833333333,29.56,31.15,27.09,957.63,0.0,"18/01, 14:24:13"
-33.368476666666666,-70.69030833333333,29.27,31.09,26.9,957.59,-0.0,"18/01, 14:24:17"
-33.368478333333336,-70.69030833333333,29.34,31.04,26.9,957.64,0.0,"18/01, 14:24:21"
-33.36848,-70.69030833333333,29.42,31.04,26.99,957.66,0.05,"18/01, 14:24:26"
-33.36848166666667,-70.69031,29.38,31.0,26.9,957.65,0.0,"18/01, 14:24:29"
-33.36849,-70.69031333333334,29.45,31.0,26.89,957.65,0.0,"18/01, 14:24:33"
-33.368498333333335,-70.69032,29.49,30.99,26.89,957.66,0.0,"18/01, 14:24:37"
-33.3685,-70.69032,29.47,30.99,26.99,957.68,0.02,"18/01, 14:24:41"
-33.36850166666667,-70.69032,29.49,30.98,27.19,957.71,-0.0,"18/01, 14:24:45"
-33.368498333333335,-70.69032,29.39,30.92,27.0,957.68,0.13,"18/01, 14:24:49"
-33.36849333333333,-70.69032,29.44,30.92,26.99,957.61,-0.0,"18/01, 14:24:53"
-33.36851,-70.69032833333333,29.44,30.89,27.28,957.66,0.01,"18/01, 14:24:58"
-33.368516666666665,-70.69032833333333,29.49,30.94,27.28,957.68,-0.0,"18/01, 14:25:01"
-33.36850333333334,-70.69032166666666,29.5,30.93,27.19,957.67,0.06,"18/01, 14:25:05"
-33.36850333333334,-70.69032166666666,29.53,30.95,27.19,957.69,-0.0,"18/01, 14:25:09"
-33.368505,-70.69032166666666,29.59,31.02,27.28,957.71,0.1,"18/01, 14:25:13"
-33.368505,-70.69032333333334,29.54,31.06,27.19,957.69,0.0,"18/01, 14:25:17"
-33.368505,-70.69032333333334,29.61,31.11,27.28,957.7,0.07,"18/01, 14:25:21"
-33.368505,-70.69032333333334,29.65,31.17,27.37,957.68,0.0,"18/01, 14:25:25"
-33.368505,-70.69032333333334,29.68,31.22,27.37,957.7,0.02,"18/01, 14:25:29"
-33.368505,-70.69032333333334,29.75,31.27,27.27,957.72,-0.0,"18/01, 14:25:33"
-33.368505,-70.69032333333334,29.72,31.3,27.08,957.73,0.02,"18/01, 14:25:38"
-33.368505,-70.69032333333334,29.51,31.26,26.89,957.72,-0.0,"18/01, 14:25:41"
-33.368505,-70.69032333333334,29.53,31.18,26.79,957.68,0.0,"18/01, 14:25:45"
-33.368505,-70.69032333333334,29.34,31.09,26.61,957.67,-0.0,"18/01, 14:25:49"
-33.368505,-70.69032333333334,29.32,31.06,26.61,957.67,0.02,"18/01, 14:25:53"
-33.368505,-70.69032333333334,29.32,30.99,26.71,957.65,-0.0,"18/01, 14:25:57"
-33.368505,-70.69032333333334,29.24,30.95,26.71,957.63,-0.01,"18/01, 14:26:01"
-33.36850666666667,-70.69032,29.19,30.92,26.81,957.66,-0.0,"18/01, 14:26:05"
-33.36850833333333,-70.69032166666666,29.2,30.9,26.9,957.67,-0.0,"18/01, 14:26:09"
-33.36850666666667,-70.69032333333334,28.97,30.8,26.82,957.67,0.0,"18/01, 14:26:13"
-33.368518333333334,-70.69033333333333,28.89,30.69,26.83,957.66,-0.0,"18/01, 14:26:17"
-33.36852833333333,-70.69034333333333,28.82,30.6,26.93,957.66,0.0,"18/01, 14:26:21"
-33.368545,-70.69035,28.85,30.57,27.03,957.67,-0.0,"18/01, 14:26:25"
-33.36850666666667,-70.690325,28.89,30.57,27.23,957.69,-0.0,"18/01, 14:26:29"
29.95,31.72,30.31,954.82,-0.0,"21/01, 17:22:02"
29.95,31.72,30.31,954.82,-0.0,"21/01, 17:22:02"
29.95,31.72,30.31,954.79,0.04,"21/01, 17:22:05"
29.95,31.72,30.31,954.79,0.04,"21/01, 17:22:05"
29.97,31.73,30.31,954.76,-0.0,"21/01, 17:22:09"
29.97,31.73,30.31,954.76,-0.0,"21/01, 17:22:09"
29.97,31.69,30.31,954.68,-0.0,"21/01, 17:22:12"
29.97,31.69,30.31,954.68,-0.0,"21/01, 17:22:12"
29.98,31.74,30.31,954.74,-0.0,"21/01, 17:22:15"
29.98,31.74,30.31,954.74,-0.0,"21/01, 17:22:15"
30.0,31.77,30.31,954.76,0.01,"21/01, 17:22:19"
30.0,31.77,30.31,954.76,0.01,"21/01, 17:22:19"
30.02,31.82,30.31,954.76,0.0,"21/01, 17:23:01"
30.02,31.82,30.31,954.76,0.0,"21/01, 17:23:01"
30.08,31.91,30.21,954.75,0.0,"21/01, 17:24:12"
30.15,31.98,30.3,954.79,-0.0,"21/01, 17:25:07"
30.15,31.98,30.3,954.79,-0.0,"21/01, 17:25:07"
30.16,31.98,30.3,954.79,-0.0,"21/01, 17:25:11"
30.16,31.98,30.3,954.79,-0.0,"21/01, 17:25:11"
30.15,32.02,30.4,954.75,0.0,"21/01, 17:26:50"
30.15,32.02,30.4,954.75,0.0,"21/01, 17:26:50"
30.19,32.01,30.59,954.74,-0.0,"21/01, 17:26:54"
30.19,32.01,30.59,954.74,-0.0,"21/01, 17:26:54"
30.21,32.07,30.19,954.8,0.08,"21/01, 17:28:16"
30.21,32.07,30.19,954.8,0.08,"21/01, 17:28:16"
30.3,32.15,30.3,954.76,0.0,"21/01, 17:30:45"
30.3,32.15,30.3,954.76,0.0,"21/01, 17:30:45"
30.28,32.14,30.3,954.76,-0.0,"21/01, 17:30:49"
30.28,32.14,30.3,954.76,-0.0,"21/01, 17:30:49"
30.3,32.13,30.3,954.76,-0.0,"21/01, 17:30:53"
30.3,32.13,30.3,954.76,-0.0,"21/01, 17:30:53"
30.3,32.15,30.49,954.77,0.0,"21/01, 17:30:57"
30.3,32.15,30.49,954.77,0.0,"21/01, 17:30:57"
30.35,32.22,30.49,954.77,-0.0,"21/01, 17:36:16"
30.35,32.22,30.49,954.77,-0.0,"21/01, 17:36:16"
30.35,32.22,30.49,954.76,0.0,"21/01, 17:36:20"
30.35,32.22,30.49,954.76,0.0,"21/01, 17:36:20"
30.37,32.18,30.49,954.65,-0.0,"21/01, 17:36:24"
30.37,32.18,30.49,954.65,-0.0,"21/01, 17:36:24"
30.35,32.22,30.49,954.8,-0.0,"21/01, 17:37:35"
30.35,32.22,30.49,954.8,-0.0,"21/01, 17:37:35"
30.35,32.21,30.49,954.79,-0.01,"21/01, 17:37:39"
30.35,32.21,30.49,954.79,-0.01,"21/01, 17:37:39"
30.37,32.22,30.49,954.79,-0.0,"21/01, 17:37:43"
30.37,32.22,30.49,954.79,-0.0,"21/01, 17:37:43"
30.4,32.16,30.68,954.71,0.0,"21/01, 17:37:47"
30.4,32.16,30.68,954.71,0.0,"21/01, 17:37:47"
